<<<<<<< HEAD
:10000000000004201902000001020000114D000050
:1000100005020000070200000902000000000000C5
:100020000000000000000000000000000B020000C3
:100030000D020000000000000F020000110200008D
:10004000911600001302000031170000A1160000F5
:10005000C5160000130200000D0F0000991D0000DE
:10006000092400002124000039240000DD1C0000C8
:1000700013020000151B0000130200001302000011
:10008000553A0000313C0000811900000D170000B6
:100090009D220000A9220000B5220000C12200001C
:1000A000CD220000D9220000512400006924000064
:1000B00085180000E51200000000000000000000AC
:1000C000130200009D180000B5180000E91600009A
:1000D000F11C0000891000001302000059380000D4
:1000E00013020000991A0000130200000000000033
:1000F00000000000CD18000000000000F921000001
=======
:10000000000004201902000001020000455D00000C
:1000100005020000070200000902000000000000C5
:100020000000000000000000000000000B020000C3
:100030000D020000000000000F020000110200008D
:10004000A51D000013020000451E0000B51D0000A4
:10005000D91D000013020000211600008D250000AC
:100060003D340000553400006D340000D124000000
:100070001302000009230000130200001302000015
:10008000894A0000654C000075210000211E000017
:10009000D1320000DD320000E9320000F53200000C
:1000A000013300000D330000853400009D34000052
:1000B00079200000F9190000000000000000000095
:1000C0001302000091200000A9200000FD1D000087
:1000D000E52400009D170000130200008D48000079
:1000E000130200008D220000130200000000000037
:1000F00000000000C1200000000000002D320000C0
>>>>>>> dev/ads1292
:1001000000000000000000000000000000000000EF
:1001100000000000000000000000000000000000DF
:1001200000000000000000000000000000000000CF
:1001300000000000000000000000000000000000BF
:1001400000000000000000000000000000000000AF
:10015000000000000000000000000000000000009F
:10016000000000000000000000000000000000008F
:10017000000000000000000000000000000000007F
:10018000000000000000000000000000000000006F
:10019000000000000000000000000000000000005F
:1001A000000000000000000000000000000000004F
:1001B000000000000000000000000000000000003F
:1001C000000000000000000000000000000000002F
:1001D000000000000000000000000000000000001F
:1001E000000000000000000000000000000000000F
:1001F00000000000000000000000000000000000FF
:10020000FEE7FEE7FEE7FEE7FEE7FEE7FEE7FEE7C6
:10021000FEE7FEE700F002B8FFF7FCBF0F484FF023
:100220000701884385460E4880470E48016841F41F
:1002300070010160BFF34F8FBFF36F8F00F01AB8EA
:1002400009480A490A4A884207D0521A05D0037859
:1002500001300B700131013AF9D1704700000420E0
<<<<<<< HEAD
:100260008907000088ED00E0A07800000000002071
=======
:100260009D0E000088ED00E0D48800000000002012
>>>>>>> dev/ads1292
:1002700030000020344935480A1A02D00722914341
:100280008D46334933480A1A06D00722914381F339
:100290000988022282F314882F483049304A00F03E
:1002A00041F830483049314A00F03CF83048314993
:1002B000314A00F037F831483149324A00F032F81B
:1002C00031483249324A00F02DF832483249334A37
:1002D00000F028F832483349334A00F023F8334815
:1002E0003349002200F029F832483349002200F057
<<<<<<< HEAD
:1002F00024F832483249091A07F0A0FA314A9047E7
=======
:1002F00024F832483249091A08F0BAFA314A9047CC
>>>>>>> dev/ads1292
:100300001F482049884205D00268043003B4904752
:1003100003BCF7E700208646EC46002000212A4A6D
:100320009047FEE7884207D0521A05D00378013083
:100330000B700131013AF9D17047884202D0027046
:100340000130FAE7704700000000042000E00320BD
<<<<<<< HEAD
:100350000000042000000420D88D000030000020A0
:1003600048000020CC030000CC03000050780000BF
:10037000D88D00003000002030000020D078000030
:10038000D0780000D0780000D0780000D07800004D
:10039000D0780000D0780000D0780000D58D000023
:1003A000F08D000048000020480000204800002098
:1003B000341400203414002034140020341400209D
:0C03C0003434002041020000CD03000096
:1003CC000023184670470000BFF34F8F00BF064B49
:1003DC00DB6803F4E0620449044B1343CB60BFF3C6
:1003EC004F8F00BF00BFFDE700ED00E00400FA05F1
:1003FC0082B0164B1B680193154B1B680093019B35
:10040C00082B1FD1009B052B1AD801A252F823F000
:10041C0035040000390400003D04000041040000D4
:10042C00450400004904000001230CE001230AE00C
:10043C00012308E0012306E0012304E0012302E08C
:10044C00012300E00023184602B070473001001071
:10045C003401001082B0164B1B680193154B1B68BE
:10046C000093019B082B1FD1009B052B1AD801A2CE
:10047C0052F823F0990400009D040000A104000030
:10048C00A5040000A9040000AD04000001230CE049
:10049C0001230AE0012308E0012306E0012304E024
:1004AC00012302E0012300E00023184602B070474C
:1004BC00300100103401001082B0164B1B68019300
:1004CC00154B1B680093019B082B1FD1009B052B20
:1004DC001AD801A252F823F0FD0400000105000017
:1004EC0005050000090500000D05000011050000C0
:1004FC0001230CE000230AE0002308E0002306E0BF
:10050C00002304E0002302E0002300E0002318464F
:10051C0002B07047300100103401001082B0164B4D
:10052C001B680193154B1B680093019B082B1FD173
:10053C00009B052B1AD801A252F823F0610500008C
:10054C0065050000690500006D05000071050000DF
:10055C007505000001230CE000230AE0002308E0ED
:10056C00002306E0002304E0002302E0002300E067
:10057C000023184602B070473001001034010010FF
:10058C0082B0164B1B680193154B1B680093019BA3
:10059C00082B1FD1009B052B1AD801A252F823F06F
:1005AC00C5050000C9050000CD050000D1050000FF
:1005BC00D5050000D905000001230CE000230AE05A
:1005CC00002308E0002306E0002304E0002302E0FF
:1005DC00002300E00023184602B0704730010010E1
:1005EC003401001082B0164B1B680193154B1B682D
:1005FC000093019B082B1FD1009B052B1AD801A23D
:10060C0052F823F0290600002D06000031060000E8
:10061C0035060000390600003D06000001230CE001
:10062C0000230AE0002308E0002306E0002304E096
:10063C00002302E0002300E00023184602B07047BC
:10064C00300100103401001082B0164B1B6801936E
:10065C00154B1B680093019B082B1FD1009B052B8E
:10066C001AD801A252F823F08D0600009106000062
:10067C0095060000990600009D060000A1060000EA
:10068C0001230CE001230AE0012308E0012306E02A
:10069C00012304E0012302E0012300E000231846BB
:1006AC0002B07047300100103401001082B0164BBC
:1006BC001B680193154B1B680093019B082B1FD1E2
:1006CC00009B052B1AD801A252F823F0F10600006A
:1006DC00F5060000F9060000FD0600000107000009
:1006EC000507000000230CE000230AE0002308E0CB
:1006FC00002306E0012304E0012302E0012300E0D3
:10070C000023184602B0704730010010340100106D
:10071C0008B5FFF7CBFF0346002B07D04FF0102393
:10072C004FF08042D3F80832C2F8583500BF08BDEC
:10073C0000BF044BD3F80034002BFAD000BF00BF2D
:10074C00704700BF00E0014000B583B00190054A3E
:10075C00019BC2F80435FFF7EBFF00BF03B05DF857
:10076C0004FB00BF00E00140024B034A1A6000BFCB
:10077C00704700BF300000200090D00308B5FFF791
:10078C0037FE0346002B0ED04FF080430022C3F8F7
:10079C000C214FF080430022C3F810214FF080430E
:1007AC000022C3F83825FFF755FE0346002B76D000
:1007BC004FF08053734AD3F80434C2F820354FF00D
:1007CC008053704AD3F80834C2F824354FF0805364
:1007DC006C4AD3F80C34C2F828354FF08053694A70
:1007EC00D3F81034C2F82C354FF08053654AD3F847
:1007FC001434C2F830354FF08053624AD3F81834B1
:10080C00C2F834354FF080535E4AD3F81C34C2F82A
:10081C0040354FF080535B4AD3F82034C2F844354E
:10082C004FF08053574AD3F82434C2F848354FF070
:10083C008053544AD3F82834C2F84C354FF08053C7
:10084C00504AD3F82C34C2F850354FF080534D4AEF
:10085C00D3F83034C2F854354FF08053494AD3F8AA
:10086C003434C2F860354FF08053464AD3F83834EC
:10087C00C2F864354FF08053424AD3F83C34C2F886
:10088C0068354FF080533F4AD3F84034C2F86C358A
:10089C004FF080533B4AD3F84434C2F87035FFF71D
:1008AC000BFE0346002B02D0374B384A1A60FFF779
:1008BC0035FE0346002B03D0354BFB22C3F818251D
:1008CC00FFF75EFE0346002B0AD0324B1B6823F069
:1008DC000F02314B1B6803F00F032E4913430B60BF
:1008EC00FFF780FE0346002B03D02C4B4FF4007215
:1008FC001A60FFF7A9FE0346002B0DD04FF0804382
:10090C00D3F8003403F00103002B05D04FF08043E3
:10091C006FF00102C3F80024214BD3F88830204A31
:10092C0043F47003C2F88830BFF34F8F00BFBFF39E
:10093C006F8F00BFFFF7ECFE4FF01023D3F800329F
:10094C00002B05DB4FF01023D3F80432002B15DA03
:10095C000120FFF7F9FE4FF010231222C3F80022FA
:10096C00FFF7E6FE4FF010231222C3F80422FFF724
:10097C00DFFE0020FFF7E8FEFFF726FDFFF7F4FE91
:10098C0000BF08BD00C000408C56004048810300E9
:10099C0000F00040E40E0040580200104096024067
:1009AC0000ED00E010B487B001900091019B009A1B
:1009BC0053E8004F04EA020043E8000191F0000FF5
:1009CC00F6D1059404900391059B184607B05DF889
:1009DC00044B704782B001904FF08042019BC2F8EB
:1009EC00083300BF02B0704784B00346ADF8063040
:1009FC00BDF8063003F1804300221A60BDF80630C2
:100A0C0003F180431B680393039B00BF04B0704742
:100A1C0082B00346ADF80630BDF8063003F18043D2
:100A2C001B68002B14BF01230023DBB2184602B055
:100A3C007047000008B54FF48070FFF7E9FF0346DC
:100A4C00002B14D04FF48070FFF7CEFF0120FFF77E
:100A5C00C1FF114B5B7983F00103DBB2002B06D095
:100A6C000D4B01225A710C4B1B68002098474FF418
:100A7C008270FFF7CDFF0346002B0AD04FF4827033
:100A8C00FFF7B2FF0220FFF7A5FF034B1B68012005
:100A9C00984700BF08BD00BF9800002000B583B088
:100AAC000346ADF80630BDF80630184600F026F8BF
:100ABC0003461B68012B0CBF01230023DBB2184635
:100ACC0003B05DF804FB00B585B00346ADF8063005
:100ADC00BDF80630184600F011F803461A460023FC
:100AEC001360BDF80630184600F008F803461B6882
:100AFC000393039B00BF05B05DF804FB82B0034673
:100B0C00ADF80630BDF8063003F1804303F5C04361
:100B1C00184602B07047000082B00190034BD3F826
:100B2C000423019B1340184602B07047006000403C
:100B3C0082B00190054A019B03F5A27352F8233051
:100B4C001B0A03F03F03184602B0704700600040D8
:100B5C0082B00190064A019B03F5A27352F8233030
:100B6C001B0C03F00303DBB2184602B0704700BF46
:100B7C000060004000B583B00190019B1B681846D3
:100B8C0000F0AAF80346002B04D10B494FF4F67081
:100B9C0004F01CF9019B1B681F2B02D84FF0A043DB
:100BAC0006E0019B1B6803F01F02019B1A60034BBC
:100BBC00184603B05DF804FB747900000003005084
:100BCC0000B585B001900B468DF8033001AB18468B
:100BDC00FFF7D0FF0390019A039B02F5E07253F8E4
:100BEC002230019A23F44031039B02F5E07243F862
:100BFC002210019A039B02F5E07253F822309DF803
:100C0C00032012041146019A1943039B02F5E0726A
:100C1C0043F8221000BF05B05DF804FB00B585B0A9
:100C2C00019001AB1846FFF7A5FF0390019A039BB7
:100C3C0002F5E07253F822301B0C03F00303DBB215
:100C4C00184605B05DF804FB88B003900291019240
:100C5C00164A05AB92E8030083E80300039B079355
:100C6C0019E0079B9B0020336B4453F80C3CD3F8E2
:100C7C002025019B1A60079B9B0020336B4453F883
:100C8C000C3C019A1268C3F82025019B0433019394
:100C9C00079B01330793039A029B1344079A9A42CA
:100CAC00DFD300BF00BF08B0704700BFAC790000B5
:100CBC0000B585B0019001AB1846FFF75BFF0390C0
:100CCC00019B012202FA03F31A46039BC3F8202569
:100CDC0000BF05B05DF804FB84B00190019B5B097B
:100CEC00029300230393029B002B03D0029B012B46
:100CFC0004D007E04FF0FF33039303E04FF6FF738C
:100D0C00039300BF019B03F01F030193039A019B04
:100D1C0022FA03F303F00103002B14BF0123002379
:100D2C00DBB2184604B0704784B001900091009B70
:100D3C000393019BDB080293019B03F007030193D0
:100D4C000122019B02FA03F30399029A0A441278D6
:100D5C001340184604B0704782B00190044A019BBE
:100D6C001344303393F90030184602B0704700BF7B
:100D7C00A000002082B00190034A019B52F823305E
:100D8C00184602B0704700BFA000002084B001904C
:100D9C00074A019B1344603393F900308DF80F30F0
:100DAC009DF80F3023F0C003184604B0704700BF05
:100DBC00A000002084B00190074A019B13446033CB
:100DCC0093F900308DF80F309DF80F309B09DBB292
:100DDC00184604B0704700BFA000002000B585B0D5
:100DEC000190019A02210020FFF72EFF00230393AC
:100DFC000BE0039B9B00019A13441B68002B01D052
:100E0C00012306E0039B01330393039B012BF0D9D1
:100E1C000023184605B05DF804FB000000B587B050
:100E2C000190002305935BE0344A059B1344603327
:100E3C0093F90030B3F1FF3F4ED00598FFF7A6FFB2
:100E4C00049001990498FFF76FFF0346002B44D0E0
:100E5C000598FFF7AFFF03468DF80F300498FFF7A6
:100E6C00DDFE03468DF80E309DF80E30022B01D1BD
:100E7C00032300E002238DF80D309DF80D30194648
:100E8C000498FFF79DFE0498FFF712FF0498FFF7F4
:100E9C0063FF03461846FFF76DFF0290029B002B81
:100EAC001BD09DF80F30032B0FD09DF80E30022B6A
:100EBC0003D19DF80F30012B07D09DF80E30032B7A
:100ECC000BD19DF80F30022B07D19DF80F20029B00
:100EDC0011460498984700E000BF059B0133059329
:100EEC00059B032BA0D90198FFF778FF0346002B35
:100EFC0097D100BF00BF07B05DF804FBA000002035
:100F0C0000B58BB00023099301AB00221A605A6024
:100F1C004FF48073ADF81E30012306930023089321
:100F2C0021E0BDF81E301846FFF7B8FD0346002B34
:100F3C000ED00698FFF7F0FD0346002B08D0BDF845
:100F4C001E301846FFF7BFFD099A069B1343099301
:100F5C00069B5B000693BDF81E300433ADF81E30C3
:100F6C00089B01330893089B072BDAD94FF4BE700A
:100F7C00FFF794FD0346002B0DD04FF4BE70FFF726
:100F8C00A2FD099B43F00043099301AB1A460221D1
:100F9C000020FFF759FE099BDBB2002B29D001235F
:100FAC0006930023089321E0069A099B1340002B1B
:100FBC0016D00898FFF7BCFD05900898FFF7C8FD00
:100FCC0003468DF813300898FFF7D4FE0390039B6B
:100FDC00002B05D09DF81320039B114605989847CC
:100FEC00069B5B000693089B01330893089B072B19
:100FFC00DAD9099B002B03DA01AB1846FFF70EFF79
:10100C0000BF0BB05DF804FB84B001900B46ADF84B
:10101C000230BDF80230019A134400221A60BDF868
:10102C000230019A13441B680393039B00BF04B066
:10103C00704782B001900B46ADF80230BDF802301B
:10104C00019A13441B68002B14BF01230023DBB24D
:10105C00184602B0704782B001900091019B009A33
:10106C00C3F8082300BF02B0704782B00190019B07
:10107C000022C3F8002500BF02B0704700B583B052
:10108C004FF48A717648FFF7D4FF0346002B1CD02F
:10109C004FF48A717248FFF7B7FF724A537943F0E5
:1010AC00080353716F4B5B7903F00203DBB2002B27
:1010BC000BD06C4B5B7903F01003DBB2002B04D02C
:1010CC00684A537943F0200353714FF4827164489A
:1010DC00FFF7AFFF0346002B1CD04FF48271604822
:1010EC00FFF792FF5F4A537943F0040353715D4B52
:1010FC005B7903F00103DBB2002B0BD0594B5B790E
:10110C0003F01003DBB2002B04D0564A537943F0A2
:10111C00200353714FF484715148FFF78AFF034643
:10112C00002B19D04FF484714D48FFF76DFF04214B
:10113C004B48FFF790FF4A48FFF797FF494B1B6856
:10114C00002149489847474B1B680021474898475E
:10115C00444B01221A717EE0424B5B7903F002038F
:10116C00DBB2002B14D03F4B5B7903F00103DBB2F5
:10117C00002B0DD03B4B5B7903F00803DBB2002B4B
:10118C0006D0384B5B7903F00403DBB2002B21D182
:10119C00344B5B79C3F30003DBB283F00103DBB2A6
:1011AC00002B06D02F4B5B7903F00803DBB2002B2E
:1011BC0010D12C4B5B79C3F34003DBB283F00103FA
:1011CC00DBB2002B47D0274B5B7903F00403DBB277
:1011DC00002B40D0234A53796FF3C3035371214A38
:1011EC0053796FF3820353711E4B5B7903F0200329
:1011FC00DBB2002B0FD01B4A53796FF3451353719D
:10120C00184A537943F010035371164B1B68012194
:10121C00002098471FE0134A6B46103292E80300F7
:10122C0083E803000F4B0F4A1033083292E8030097
:10123C0083E803000B4B00229A600A4B0022DA6011
:10124C00084A537943F010035371064B1B686A46E6
:10125C0001211046984700BF03B05DF804FB00BFA6
:10126C00005002400C0100201C0100201401002041
:10127C0082B00346ADF80630BDF8063003F180436A
:10128C0003F5E8331B68002B14BF01230023DBB2EA
:10129C00184602B0704784B00346ADF80630BDF86E
:1012AC00063003F1804303F5E83300221A60BDF8E1
:1012BC00063003F1804303F5E8331B680393039B6B
:1012CC0000BF04B070470000024B0022C3F8002599
:1012DC0000BF704700D0014000B58FB04FF4807054
:1012EC00FFF7C6FF0346002B68D04FF48070FFF762
:1012FC00D2FF6C4B9B7C8DF836306A4B9B7C03F099
:10130C000103002B0CBF01230023DBB28DF8353019
:10131C009DF83530634A9B0013445B68002B04D165
:10132C00604B5B7CDBB2022B2BD100238DF8303071
:10133C005C4B0022DA745B4B5B7CDBB2022B05D17D
:10134C0000230B93574B01225A7411E09DF8363051
:10135C00544A9B0013445B680B939DF83630514AFA
:10136C009B00134400225A604E4A9DF8353093740A
:10137C0001238DF828304B4B1B680AAA104698475E
:10138C0013E0484BDB7C002B0FD100238DF81C3075
:10139C000023089301238DF82430424B0122DA7488
:1013AC00404B1B6807AA104698473E4B5B7CDBB250
:1013BC00022B5DD13B4B01225A7459E04FF48270E1
:1013CC00FFF756FF0346002B52D04FF48270FFF705
:1013DC0062FFFFF779FF334B00225A7400238DF81C
:1013EC00183000238DF810302E4B9B7C2D4A9B001F
:1013FC0013445B68002B12D02A4B9B7C294A9B0020
:10140C0013445B680593274B9B7C264A9B00134433
:10141C0000225A60234B1B6804AA10469847214BA4
:10142C009B7C03F00103002B0CBF01230023DBB2D8
:10143C008DF837309DF837301A4A9B0013445B689F
:10144C00002B12D09DF83730164A9B0013445B6872
:10145C0005939DF83730134A9B00134400225A60C1
:10146C00104B1B6804AA104698470E4B00229A7426
:10147C000C4B1B7DDBB2002B0FD001238DF80430FD
:10148C000023029300238DF80C30064B00221A75B2
:10149C00044B1B6801AA1046984700BF0FB05DF8BB
:1014AC0004FB00BF2401002084B00346ADF80630D5
:1014BC00BDF8063003F1804300221A60BDF80630F7
:1014CC0003F180431B680393039B00BF04B0704778
:1014DC0082B00346ADF80630BDF8063003F1804308
:1014EC001B68002B14BF01230023DBB2184602B08B
:1014FC00704700B585B00346ADF80630BDF8063030
:10150C001846FFF7E5FF03468DF80F309DF80F30B6
:10151C00002B04D0BDF806301846FFF7C5FF9DF828
:10152C000F30184605B05DF804FB4FF08043D3F83C
:10153C00043318467047000000B583B0FFF7F5FF81
:10154C000190019B03F00403002B12D04FF4847024
:10155C00FFF7CFFF0346002B0BD0464B1B68002B2D
:10156C0004D145494FF48B7003F030FC414B1B68A0
:10157C009847019B03F02003002B13D04FF48A7083
:10158C00FFF7B7FF0346002B0CD03C4B1B68002B1E
:10159C0004D1394940F21F1003F018FC374B1B687B
:1015AC0000209847019B03F04003002B13D04FF40D
:1015BC008C70FFF79EFF0346002B0CD02F4B1B6843
:1015CC00002B04D12C494FF4937003F0FFFB2B4BF1
:1015DC001B6801209847019B03F08003002B13D05C
:1015EC004FF48E70FFF785FF0346002B0CD0244B75
:1015FC001B68002B04D1204940F22F1003F0E6FBAE
:10160C001F4B1B6800209847019B03F48073002B31
:10161C0013D04FF49070FFF76CFF0346002B0CD0E7
:10162C00174B1B68002B04D113494FF49B7003F02C
:10163C00CDFB134B1B6801209847019B03F40073EF
:10164C00002B13D04FF49270FFF753FF0346002B7F
:10165C000CD00B4B1B68002B04D1074940F23D10FA
:10166C0003F0B4FB064B1B680220984700BF03B085
:10167C005DF804FB3C010020887A0000400100204A
:10168C004401002008B5FFF757FFFFF7D3F900BF5F
:10169C0008BD000008B5064B1B68002B03D105499B
:1016AC00452003F093FB024B1B68984708BD00BF15
:1016BC0048010020E47A000008B5064B1B68002B9B
:1016CC0003D10549482003F081FB024B1B68984766
:1016DC0008BD00BF50010020E47A000008B5064B9D
:1016EC001B68002B03D105494B2003F06FFB024B09
:1016FC001B68984708BD00BF58010020E47A000021
:10170C0008B5064B1B68002B03D105494E2003F08E
:10171C005DFB024B1B68984708BD00BF60010020B1
:10172C00E47A000008B5064B1B68002B03D1054971
:10173C00512003F04BFB024B1B68984708BD00BFC0
:10174C0068010020E47A000084B001900B46ADF8EB
:10175C000230BDF80230019A134400221A60BDF821
:10176C000230019A13441B680393039B00BF04B01F
:10177C00704782B001900B46ADF80230BDF80230D4
:10178C00019A13441B68002B14BF01230023DBB206
:10179C00184602B0704700B583B0019000914FF429
:1017AC0088710198FFF7E5FF0346002B12D04FF428
:1017BC0088710198FFF7C8FF009B5B7903F0040365
:1017CC00002B07D0009B1B68002B03D0009B1B68D1
:1017DC00012098474FF48A710198FFF7CAFF03461E
:1017EC00002B12D04FF48A710198FFF7ADFF009BCC
:1017FC005B7903F00803002B07D0009B1B68002BC0
:10180C0003D0009B1B68022098474FF48E710198FF
:10181C00FFF7AFFF0346002B12D04FF48E710198E7
:10182C00FFF792FF009B5B7903F01003002B07D1AD
:10183C00009B1B68002B03D0009B1B680020984763
:10184C004FF482710198FFF794FF0346002B0FD0E1
:10185C004FF482710198FFF777FF009B01221A71F8
:10186C00009B1B68002B03D0009B1B680320984730
:10187C0000BF03B05DF804FB08B503490348FFF74C
:10188C008AFF00BF08BD00BF7001002000C00140EE
:10189C0008B503490348FFF77EFF00BF08BD00BF32
:1018AC00780100200010024008B503490348FFF7F7
:1018BC0072FF00BF08BD00BF800100200020024065
:1018CC0008B503490348FFF766FF00BF08BD00BF1A
:1018DC008801002000D0024082B003468DF807300A
:1018EC00044BD3F804239DF807301340184602B07C
:1018FC00704700BF0020014084B00346ADF80630AD
:10190C00BDF8063003F1804303F5903300221A60D2
:10191C00BDF8063003F1804303F590331B68039345
:10192C00039B00BF04B0704782B00346ADF806308D
:10193C00BDF8063003F1804303F590331B6818465D
:10194C0002B07047024BD3F80C351846704700BFF5
:10195C0000200140024BD3F818351846704700BFE1
:10196C0000200140024BD3F848351846704700BFA1
:10197C000020014000B583B04FF48070FFF7D4FF16
:10198C000346002B19D00120FFF7A6FF0346002BBE
:10199C0013D04FF48070FFF7AFFF4FF48073ADF8A6
:1019AC000030FFF7CFFF03465BB28DF80230264BB9
:1019BC001B686A4692E8030098474FF48270FFF761
:1019CC00B3FF0346002B1FD00220FFF785FF034611
:1019DC00002B19D04FF48270FFF78EFF4FF48273F7
:1019EC00ADF80030FFF7B6FF03461BB2ADF802307E
:1019FC00FFF7B8FF03469BB2ADF80430124B1B68DF
:101A0C006A4692E8030098474FF48470FFF78CFF06
:101A1C000346002B13D00420FFF75EFF0346002B78
:101A2C000DD04FF48470FFF767FF4FF48473ADF85B
:101A3C000030054B1B686A4692E80300984700BFCC
:101A4C0003B05DF804FB00BF9001002082B0019050
:101A5C000B46ADF80230BDF80230019A1344002257
:101A6C001A6000BF02B0704782B001900B46ADF80F
:101A7C000230BDF80230019A13441B68002B14BFCE
:101A8C0001230023DBB2184602B0704708B54FF4AF
:101A9C0080710B48FFF7E8FF0346002B0ED0094B73
:101AAC0000225A714FF480710548FFF7CFFF054BA8
:101ABC001B68044A926811460020984700BF08BD75
:101ACC00009002409401002084B00346ADF806302B
:101ADC00BDF8063003F1804303F5504300221A6031
:101AEC00BDF8063003F1804303F550431B680393A4
:101AFC00039B00BF04B07047024BD3F80835DBB230
:101B0C001846704700D0004000B583B04FF4807089
:101B1C00FFF7DAFFFFF7F0FF03468DF80730054BB0
:101B2C001B689DF807201046984700BF03B05DF86E
:101B3C0004FB00BFA001002082B001900091019B2A
:101B4C00009AC3F8082300BF02B0704782B001901E
:101B5C000091019BD3F80423009B1340184602B05C
:101B6C00704782B001900B46ADF80230BDF80230E0
:101B7C00019A13441B68184602B0704784B0019058
:101B8C000B46ADF80230BDF80230019A1344002226
:101B9C001A60BDF80230019A13441B680393039B2F
:101BAC0000BF04B0704782B001900091019B009A75
:101BBC00C3F8482300BF02B07047000000B589B0DD
:101BCC000390029101924FF4803306934FF4A0736B
:101BDC00ADF816300023079330E006990398FFF711
:101BEC00B5FF0346002B1ED0BDF8163019460398DE
:101BFC00FFF7B7FF0346002B15D006990398FFF7A4
:101C0C00D2FF06990398FFF797FFBDF816301946D7
:101C1C000398FFF7B3FF2D4A029B52F82330079A23
:101C2C00D2B210469847069B5B000693BDF816305F
:101C3C000433ADF81630079B01330793079A019BC9
:101C4C009A42CAD34FF48073ADF816300121039831
:101C5C00FFF77CFF0346002B14D0BDF81630194655
:101C6C000398FFF77EFF0346002B0BD0BDF8163010
:101C7C0019460398FFF782FF144A029B52F823304F
:101C8C00042098474FF48273ADF816300221039864
:101C9C00FFF75CFF0346002B14D0BDF81630194635
:101CAC000398FFF75EFF0346002B0BD0BDF81630F0
:101CBC0019460398FFF762FF044A029B52F823303F
:101CCC000520984700BF09B05DF804FBA401002073
:101CDC0008B5032200210248FFF770FF00BF08BDC2
:101CEC0000B0004008B5042201210248FFF766FF4E
:101CFC0000BF08BD0040024082B003468DF807309B
:101D0C009DF8073003F1804303F5E04301221A608C
:101D1C0000BF02B0704782B00346ADF80630BDF884
:101D2C00063003F1804303F5E0431B68002B14BF1E
:101D3C0001230023DBB2184602B0704784B003467F
:101D4C00ADF80630BDF8063003F1804303F5E043EF
:101D5C0000221A60BDF8063003F1804303F5E0431E
:101D6C001B680393039B00BF04B0704782B00190C3
:101D7C000091054A019BC2F82C36034A009BC2F81D
:101D8C00303600BF02B070470070004000B58FB015
:101D9C004FF48270FFF7BFFF0346002B46D04FF481
:101DAC008270FFF7CBFF904B93F82E3083F001033A
:101DBC00DBB2002B04D18C4B93F82F30002B35D099
:101DCC0000238DF81C30884B5B680893864B1B896D
:101DDC009BB2ADF82430844BDB68002B03D1824BD3
:101DEC0000221A7419E0804B1A8B7F4B5A837E4B5E
:101DFC00DB687D4A53607C4B1A8B7B4B1A817A4B88
:101E0C000022DA60784B93F82E3083F00103DBB2BA
:101E1C00002B02D00020FFF76FFF734B1B6807AA43
:101E2C0010469847704B002283F82F206E4B93F886
:101E3C002E30002B62D04FF48070FFF76CFF0346FE
:101E4C00002B5BD04FF48070FFF778FF664B5A8BFA
:101E5C00654B93F82D309BB29A421CD9624B5A8B2E
:101E6C00614B93F82D309BB2D31A9AB25E4B5A83C6
:101E7C005D4B5A685C4B1B899BB219465A4B5B8B6A
:101E8C00CB1A5B001344584A92F82D201146184681
:101E9C00FFF76CFF2BE0544B5A8B534B93F82D30C0
:101EAC009BB29A4214D1504BDB68002B10D04E4B96
:101EBC00012283F82F204C4B00225A834A4BDB68BB
:101ECC00494A92F82D2011461846FFF74FFF0EE0B5
:101EDC00454B5A8B444B93F82D309BB29A4206D10A
:101EEC00414B012283F82F203F4B00225A834FF4A1
:101EFC008270FFF723FF0420FFF7FEFE4FF488707B
:101F0C00FFF709FF0346002B0ED04FF48870FFF744
:101F1C0015FF354B00221A7402238DF81030324B0A
:101F2C001B6804AA104698474FF48A70FFF7F3FE1B
:101F3C000346002B07D04FF48A70FFF7FFFE2A4BA5
:101F4C0000221A744CE0284B5B690D9345E00D9B05
:101F5C000A930A9B002B01D1202303E00A9BB3FABE
:101F6C0083F3DBB20C934FF000420C9B22FA03F389
:101F7C00DB430D9A13400D930C9B9BB246339BB2E3
:101F8C009B00ADF82E30BDF82E301846FFF7C3FE7F
:101F9C000346002B21D0BDF82E301846FFF7CEFE9D
:101FAC0001238DF80430BDF82E30A3F58C73DB08BB
:101FBC00DBB28DF80830BDF82E30A3F58C7303F02E
:101FCC000403002B0CBF01230023DBB28DF8093076
:101FDC00054B1B6801AA104698470D9B002BB6D1E8
:101FEC0000BF0FB05DF804FBAC01002084B0019081
:101FFC000B46ADF80230BDF80230019A13440022B2
:10200C001A60BDF80230019A13441B680393039BBA
:10201C0000BF04B0704782B001900B46ADF802309F
:10202C00BDF80230019A13441B68002B14BF012326
:10203C000023DBB2184602B07047000000B583B035
:10204C000190019B1B68184600F05AF80346002BC0
:10205C0004D10B494FF4F67002F0B8FE019B1B68DB
:10206C001F2B02D84FF0A04306E0019B1B6803F026
:10207C001F02019B1A60034B184603B05DF804FB6A
:10208C007C7B00000003005000B585B0019001ABD3
:10209C001846FFF7D3FF0390019B012202FA03F3CA
:1020AC001946039800F018F800BF05B05DF804FB62
:1020BC0000B585B0019001AB1846FFF7BFFF039048
:1020CC00019B012202FA03F31946039800F00EF863
:1020DC0000BF05B05DF804FB82B001900091019B3C
:1020EC00009AC3F8082500BF02B0704782B0019077
:1020FC000091019B009AC3F80C2500BF02B07047F9
:10210C0084B00190019B5B09029300230393029B13
:10211C00002B03D0029B012B04D007E04FF0FF33C0
:10212C00039303E04FF6FF73039300BF019B03F08F
:10213C001F030193039A019B22FA03F303F001039B
:10214C00002B14BF01230023DBB2184604B07047E8
:10215C0000B583B00190019BDB7FFF2B0ED0019B60
:10216C009B7F002B05D0019BDB7F1846FFF7A0FF60
:10217C0004E0019BDB7F1846FFF786FF019B0022E2
:10218C005A77019B00221A72019B1B68019A02F17B
:10219C000800019A52681146984700BF03B05DF8D9
:1021AC0004FB000000B583B0019000914FF48C71DA
:1021BC000198FFF730FF0346002B10D04FF48C71C1
:1021CC000198FFF713FF009B1B68002B04D10649F5
:1021DC0040F2972002F0FAFD0098FFF7B9FF00BF1C
:1021EC0003B05DF804FB00BFB47B000008B50349E5
:1021FC000348FFF7D7FF00BF08BD00BF480200200F
:10220C0000F0024000B585B003468DF807309DF80C
:10221C000730052B04D91B4940F2691002F0D6FD9A
:10222C009DF80730184A52F823300393039B002B78
:10223C0004D1144940F26B1002F0C8FD9DF8073030
:10224C00124A32F81330ADF80A309DF807300F4AB5
:10225C0032F813301AB2BDF90A30DB431BB213400B
:10226C001AB29DF8073091B2084A22F81310BDF843
:10227C000A109DF80720039B1046984700BF05B035
:10228C005DF804FB4C7C0000780200206C020020FE
:10229C0008B50020FFF7B6FF00BF08BD08B5012048
:1022AC00FFF7B0FF00BF08BD08B50220FFF7AAFF7B
:1022BC0000BF08BD08B50320FFF7A4FF00BF08BD91
:1022CC0008B50420FFF79EFF00BF08BD08B5052028
:1022DC00FFF798FF00BF08BD84B001900B46ADF826
:1022EC000230BDF80230019A134400221A60BDF886
:1022FC000230019A13441B680393039B00BF04B084
:10230C00704782B001900B46ADF80230BDF8023038
:10231C00019A13441B68002B14BF01230023DBB26A
:10232C00184602B0704782B001900091019BD3F81F
:10233C000423009B1340002B14BF01230023DBB2AA
:10234C00184602B0704782B00190019B9B0003F5C8
:10235C00A0739BB2184602B0704782B001904FF444
:10236C008032019B02FA03F3184602B0704700B5A5
:10237C0087B00390029113468DF8073000238DF837
:10238C00173030E09DF817301846FFF7DCFF034696
:10239C00ADF814309DF817301846FFF7DEFF0490A7
:1023AC00BDF8143019460398FFF7ABFF0346002B1A
:1023BC0014D004990398FFF7B6FF0346002B0DD0F9
:1023CC00BDF8143019460398FFF786FF029B1B6873
:1023DC00029A5168BDF81420104698479DF81730A2
:1023EC0001338DF817309DF817209DF807309A426D
:1023FC00C8D300BF00BF07B05DF804FB08B50422CA
:10240C0002490348FFF7B3FF00BF08BD900200204C
:10241C000080004008B5042202490348FFF7A7FFDB
:10242C0000BF08BD9C0200200090004008B50422AB
:10243C0002490348FFF79BFF00BF08BDA80200201C
:10244C0000A0004008B5062202490348FFF78FFFA1
:10245C0000BF08BDB402002000A0014008B5062250
:10246C0002490348FFF783FF00BF08BDC0020020EC
:10247C0000B0014082B00190019B9A00024B1B6896
:10248C001344184602B07047007E000082B00190E1
:10249C00019B03F1804303F51C33184602B07047CF
:1024AC0082B00190019B03F1804303F51C33184665
:1024BC0002B0704700B583B003468DF807309DF825
:1024CC0007301846FFF7E2FF034601221A60BFF3FC
:1024DC006F8F00BFBFF34F8F00BF00BF03B05DF81D
:1024EC0004FB00B583B00346ADF80630BDF80630EA
:1024FC001846FFF7CBFF034600221A60BFF36F8F1D
:10250C0000BFBFF34F8F00BF00BF03B05DF804FBEB
:10251C0000B583B00346ADF80630BDF8063018465A
:10252C00FFF7BEFF03461B68002B14BF01230023DB
:10253C00DBB2184603B05DF804FB00B585B003466A
:10254C00ADF80630BDF806301846FFF7E1FF03463C
:10255C008DF80F309DF80F30002B04D0BDF80630ED
:10256C001846FFF7BEFF9DF80F30184605B05DF812
:10257C0004FB0000024BD3F804331846704700BF2D
:10258C0000700240024BD3F800341846704700BF6D
:10259C000070024082B00190064A019BC2F80034E0
:1025AC00BFF36F8F00BFBFF34F8F00BF00BF02B0F0
:1025BC00704700BF0070024000B583B0FFF7E2FF28
:1025CC0001900198FFF7E6FFBFF36F8F00BFBFF3D9
:1025DC004F8F00BF019B184603B05DF804FB000051
:1025EC00024BD3F86C341846704700BF00700240A1
:1025FC0082B00190064A019BC2F86C34BFF36F8F16
:10260C0000BFBFF34F8F00BF00BF02B0704700BFC9
:10261C000070024000B583B0FFF7E2FF0190019813
:10262C00FFF7E6FF019B184603B05DF804FB0000C2
:10263C00024BD3F88034DBB218467047007002406E
:10264C0000B585B003468DF807309DF90730002B97
:10265C0005DA9DF8073003F00F03082B0EDD9DF90A
:10266C000730002B05DB9DF8073003F00F03082B18
:10267C0004DD1C4940F25F4002F0A8FB9DF90730D5
:10268C00002B04DA17494FF48C6002F09FFB9DF885
:10269C00073003F00803002B0CD0134BD3F8C034D5
:1026AC000393039B03F48033002B01D0002303938B
:1026BC00039B13E09DF8073003F00803002B04D0B4
:1026CC00084940F26B4002F081FB074A9DF8073045
:1026DC0003F00F0303F5947352F82330184605B03A
:1026EC005DF804FBE07C00000070024000B585B092
:1026FC0003468DF807309DF90730002B05DA9DF85D
:10270C00073003F00F03082B0EDD9DF90730002B6B
:10271C0005DB9DF8073003F00F03082B04DD184987
:10272C0040F2714002F052FB9DF90730002B04DAA5
:10273C00134940F2724002F049FB9DF8073003F058
:10274C000803002B04D10E4940F2734002F03EFB0B
:10275C000C4BD3F8C0340393039B002B03D14FF0E5
:10276C00FF33039306E0039B03F48033002B01D06B
:10277C0000230393039B184605B05DF804FB00BFD0
:10278C00E07C00000070024000B583B003468DF879
:10279C0007309DF90730002B05DB9DF8073003F05F
:1027AC000803002B04D00C4940F2834002F00EFBCE
:1027BC000A4A9DF8073003F00F0303F594730021C8
:1027CC0042F82310BFF36F8F00BFBFF34F8F00BFD2
:1027DC0000BF03B05DF804FBE07C00000070024019
:1027EC0082B003468DF80730034A9DF80730C2F8D3
:1027FC00083500BF02B0704700700240024BD3F89E
:10280C0020351846704700BF00700240044BD3F8C7
:10281C002C35002B14BF01230023DBB21846704764
:10282C000070024000B587B00346029101928DF80A
:10283C000F309DF90F30002B36DA9DF80F3003F076
:10284C000803002B08D0354A029BC2F8A036334A45
:10285C00019BC2F8A4365DE09DF80F3003F00F0326
:10286C008DF816309DF81630072B04D92C4940F200
:10287C00345002F0ABFA29499DF8162013469B0000
:10288C0013449B000B4403F5C063029A1A6023495E
:10289C009DF8162013469B0013449B000B4403F237
:1028AC000463019A1A6035E09DF80F3003F00803B9
:1028BC00002B08D0194A029BC2F8A037174A019B7B
:1028CC00C2F8A43726E09DF80F3003F00F038DF803
:1028DC0017309DF81730072B04D9114940F243509B
:1028EC0002F074FA0D499DF8172013469B0013440F
:1028FC009B000B4403F5E063029A1A6007499DF8AC
:10290C00172013469B0013449B000B4403F20473E3
:10291C00019A1A6000BF07B05DF804FB007002401A
:10292C00E07C000082B0164B1B680193154B1B68B2
:10293C000093019B082B1FD1009B052B1AD801A2D9
:10294C0052F823F0692900006D290000712900005C
:10295C0075290000792900007D29000001230CE075
:10296C0001230AE0012308E0012306E0012304E02F
:10297C00012302E0012300E00023184602B0704757
:10298C00300100103401001008B5FFF7CBFF0346EF
:10299C00184608BD00B583B003468DF807309DF985
:1029AC000730002B05DA9DF8073003F00F03082BD6
:1029BC000EDD9DF90730002B05DB9DF8073003F089
:1029CC000F03082B04DD0B494FF4B97002F0FEF92C
:1029DC009DF90730002B01DA074A00E0074A9DF801
:1029EC00073003F00F035B0013441B88184603B039
:1029FC005DF804FB187D0000D87D0000EC7D000024
:102A0C0000B583B003468DF807309DF90730002BD5
:102A1C0005DA9DF8073003F00F03082B0EDD9DF946
:102A2C000730002B05DB9DF8073003F00F03082B54
:102A3C0004DD054940F2852002F0C8F99DF8073005
:102A4C00184603B05DF804FB187D000000B583B098
:102A5C0003468DF807309DF90730002B05DA9DF8F9
:102A6C00073003F00F03082B0EDD9DF90730002B08
:102A7C0005DB9DF8073003F00F03082B04DD0C4930
:102A8C0040F2922002F0A2F99DF90730002B01DAF6
:102A9C00042200E028229DF8073003F00F03DBB27C
:102AAC009B00DBB21344DBB2184603B05DF804FBA9
:102ABC00187D000000B583B003468DF807309DF9F2
:102ACC000730002B05DA9DF8073003F00F03082BB5
:102ADC000EDD9DF90730002B05DB9DF8073003F068
:102AEC000F03082B04DD0B4940F2A22002F06EF913
:102AFC009DF90730002B01DA074A00E0074A9DF8E0
:102B0C00073003F00F031B011344184603B05DF8A4
:102B1C0004FB00BF187D000070030020E0020020C1
:102B2C0000B583B003468DF807309DF90730002BB4
:102B3C0005DA9DF8073003F00F03082B0EDD9DF925
:102B4C000730002B05DB9DF8073003F00F03082B33
:102B5C0004DD0B4940F2B52002F038F99DF907303D
:102B6C00002B01DA002200E010229DF8073003F060
:102B7C000F03DBB21344DBB2184603B05DF804FB61
:102B8C00187D000082B003468DF807309DF80730A1
:102B9C000F2B04D99DF80730103BDBB204E09DF8F5
:102BAC00073063F07F03DBB2184602B070470000B9
:102BBC0008B5FFF7E9FE0346002B02D0034B822237
:102BCC001A60034B01221A7000BF08BD1C7C024026
:102BDC00DC02002008B5FFF7D7FE0346002B02D01D
:102BEC00034B00221A60034B00221A7000BF08BD71
:102BFC001C7C0240DC02002000B583B003468DF83B
:102C0C0007309DF807301846FFF720FF034618469B
:102C1C00FFF750FC00BF03B05DF804FB10B586B0A5
:102C2C0003468DF80730002000F0B4FF9DF8073004
:102C3C001846FFF73FFF05909DF90730002B39DB55
:102C4C00614B1B68DC439DF807301846FFF768FFA3
:102C5C0003461A46012393402340002B05D09DF8D0
:102C6C000730184600F08EFE20E0059B00221A600B
:102C7C009DF807301846FFF753FF03461A46012309
:102C8C009340DA43504B1B6813404F4A13609DF836
:102C9C0007301846FFF744FF03461A4601239340BA
:102CAC00DA434A4B1B681340484A1360059B0322C6
:102CBC009A7383E09DF8073003F00803002B37D19B
:102CCC009DF80730802B1CD09DF8073003F00F03C4
:102CDC0003F2DA333E4A5B0013603E4B1B688DF8FF
:102CEC0012309DF8123043F002038DF81230394B3C
:102CFC001A689DF81230374913430B60354B1B682B
:102D0C0016E0334B40F2B4721A60324B1B688DF8EC
:102D1C0013309DF8133043F004038DF813302D4B12
:102D2C001A689DF813302B4913430B60294B1B6811
:102D3C00264B1B68DA43244B1B6842EA03049DF8BC
:102D4C0007301846FFF7ECFE03461A460123934062
:102D5C002340002B32D09DF807301846FFF7E0FED9
:102D6C0003461A4601239340DA43174B1B68134062
:102D7C00154A13609DF807301846FFF7D1FE03463D
:102D8C001A46012303FA02F2104B1B6813430F4A35
:102D9C001360059B00221A60059B03229A7306237D
:102DAC008DF80C309DF807308DF80E3003238DF81C
:102DBC000F30094B1B6803AA10469847002000F0FF
:102DCC00FDFE00BF06B010BDD8020020D4020020CA
:102DDC000078024004780240CC02002000B583B099
:102DEC00094B00221A70094B00221A700023019320
:102DFC0001238DF80430064B1B6801AA1046984736
:102E0C0000BF03B05DF804FBD0020020D10200200B
:102E1C00CC02002000BF704700B583B080238DF832
:102E2C000730FFF7D7FE9DF807301846FFF742FE34
:102E3C000090009B9B7B032B0ED19DF8073018460E
:102E4C00FFF76EFE03461A4601239340DB431946F7
:102E5C000C48FDF7A7FD11E0009B1B68002B0DD162
:102E6C009DF807301846FFF75BFE03461A46012310
:102E7C009340DB4319460348FDF794FD00BF03B0B4
:102E8C005DF804FBD802002000B585B003468DF830
:102E9C0007309DF90730002B04DB264940F2B63091
:102EAC0001F094FF9DF8073003F00803002B04D0C9
:102EBC00204940F2B73001F089FF9DF8073003F04C
:102ECC000F03002B04DC1B494FF46E7001F07EFFE6
:102EDC00FFF780FE9DF807301846FFF7EBFD0390D7
:102EEC00039B9B7B032B0ED19DF807301846FFF7F5
:102EFC0017FE03461A4601239340DB4319460E483E
:102F0C00FDF750FD11E0039B1B68002B0DD19DF8C4
:102F1C0007301846FFF704FE03461A460123934078
:102F2C00DB4319460448FDF73DFD00BF05B05DF8D5
:102F3C0004FB00BF187D0000D802002000B585B04E
:102F4C0003468DF807309DF90730002B04DB284928
:102F5C004FF4757001F03AFF9DF8073003F0080349
:102F6C00002B04D1224940F2D53001F02FFFFFF79E
:102F7C0031FE9DF807301846FFF79CFD0390039B2C
:102F8C009B7B032B0ED19DF807301846FFF7C8FD2D
:102F9C0003461A4601239340DB4319461548FDF7B7
:102FAC0001FD20E0039B1B68002B1CD19DF8073012
:102FBC001846FFF7B5FD03461A4601239340DB4341
:102FCC0019460C48FDF7EEFC06238DF808309DF8E9
:102FDC0007308DF80A3000238DF80B30064B1B6838
:102FEC0002AA1046984700BF05B05DF804FB00BF6D
:102FFC00187D0000D8020020CC02002000B585B05E
:10300C0000238DF80F30FFF7E5FD9DF80F301846C3
:10301C00FFF750FD0290029B9B7B032B0ED19DF87A
:10302C000F301846FFF77CFD03461A4601239340E8
:10303C00DB4319461548FDF7B5FC23E0029B1B68E2
:10304C00002B1DD19DF80F301846FFF769FD034684
:10305C001A4601239340DB4319460C48FDF7A2FCAA
:10306C0006238DF804309DF80F308DF806300023C0
:10307C008DF80730064B1B6801AA1046984701E0F3
:10308C0000F079FC00BF05B05DF804FBD80200200D
:10309C00CC02002000B585B003468DF807309DF9B1
:1030AC000730002B04DA2E4940F2144001F08EFE5A
:1030BC009DF8073003F00803002B04D0284940F298
:1030CC00154001F083FE9DF8073003F00F03002B31
:1030DC0004DC234940F2164001F078FEFFF77AFD3C
:1030EC009DF807301846FFF7E5FC0390039B9B7B8C
:1030FC00032B0ED19DF807301846FFF711FD034640
:10310C001A4601239340DB4319461648FDF74AFC47
:10311C0020E0039B1B68002B1CD19DF80730184640
:10312C00FFF7FEFC03461A4601239340DB43194686
:10313C000C48FDF737FC06238DF808309DF8073056
:10314C008DF80A3000238DF80B30074B1B6802AA50
:10315C001046984700F080FA00BF05B05DF804FBFC
:10316C00187D0000D8020020CC02002000B585B0EC
:10317C0003468DF807309DF8073003F00803002B49
:10318C0004D11B4940F23A4001F020FEFFF722FD2A
:10319C009DF807301846FFF78DFC0390039B9B7B33
:1031AC00032B20D0039B1B68002B1CD19DF80730F0
:1031BC001846FFF7B5FC03461A4601239340DB4340
:1031CC0019460C48FDF7EEFB06238DF808309DF8E8
:1031DC0007308DF80A3000238DF80B30064B1B6836
:1031EC0002AA1046984700BF05B05DF804FB00BF6B
:1031FC00187D0000D8020020CC02002008B5FFF793
:10320C000BFE00BF08BD08B58120FFF73DFE00BFD7
:10321C0008BD08B58220FFF737FE00BF08BD08B512
:10322C008320FFF731FE00BF08BD08B58420FFF7EF
:10323C002BFE00BF08BD08B58520FFF725FE00BF9B
:10324C0008BD08B58620FFF71FFE00BF08BD08B5F6
:10325C008720FFF719FE00BF08BD08B58820FFF7CF
:10326C006DFE00BF08BD08B5FFF7C8FE00BF08BD66
:10327C0008B50120FFF70EFF00BF08BD08B50220FE
:10328C00FFF708FF00BF08BD08B50320FFF702FFDA
:10329C0000BF08BD08B50420FFF7FCFE00BF08BD49
:1032AC0008B50520FFF7F6FE00BF08BD08B50620DF
:1032BC00FFF7F0FE00BF08BD08B50720FFF7EAFED8
:1032CC0000BF08BD08B50820FFF750FF00BF08BDC0
:1032DC0000B583B000238DF80030FFF78FFA03465A
:1032EC009BB2ADF802308820FFF71AFC03461A4651
:1032FC000123934001930820FFF7F8F90346B3F13B
:10330C00FF3F09D00820FFF70BFC03461A460123A8
:10331C009340019A13430193074B1A68019B134383
:10332C00054A1360054B1B686A461046984700BF58
:10333C0003B05DF804FB00BFD4020020CC020020D7
:10334C0000B585B003460A468DF8073013468DF854
:10335C0006309DF8063001229A402B4B1B68134314
:10336C00294A13609DF90730002B30DA9DF807309D
:10337C001846FFF70FFB03461846FFF7DEF8034627
:10338C00002B0BD09DF80730802B05D09DF8073013
:10339C001846FFF779FD01E0FFF73EFD9DF806307A
:1033AC0001229A40194B1B681340002B27D106238E
:1033BC008DF80C309DF807308DF80E3000238DF809
:1033CC000F30134B1B6803AA1046984717E09DF863
:1033DC00063001229A400D4B1B681340002B0ED176
:1033EC0006238DF808309DF807308DF80A3001233C
:1033FC008DF80B30064B1B6802AA1046984700BF8D
:10340C0005B05DF804FB00BFD4020020D8020020F8
:10341C00CC02002010B5074B1C78064B1B781846C5
:10342C00FFF77EFB034619462046FFF789FF00BFD6
:10343C0010BD00BFD102002010B582B0FFF7F8F824
:10344C0003468DF80730284B1B68DB439AB2274B99
:10345C001B6842EA0304264B1B781846FFF760FBF7
:10346C0003461A46012393402340002B04D0204BE3
:10347C001B781846FFF7D2FB9DF90730002B01DBB8
:10348C00002200E080221A4B1A700020FFF748FB44
:10349C0003461A46012303FA02F48020FFF740FB8F
:1034AC0003461A46012393402343DB4319460F4836
:1034BC00FDF778FA8020FFF733FB03461A46012309
:1034CC0003FA02F2084B1B681343074A13600023EC
:1034DC00009305238DF80030064B1B686A46104696
:1034EC00984700BF02B010BDD4020020D8020020C3
:1034FC00D1020020CC02002000B585B0FFF75CF8AB
:10350C000390039B03F48073002B0CD0264B0122F9
:10351C001A700023029302238DF80830234B1B688A
:10352C0002AA10469847039B03F40073002B0CD09F
:10353C001D4B00221A700023019303238DF80430D5
:10354C001A4B1B6801AA10469847039B03F480632F
:10355C00002B24D0144B1B78DBB2002B1FD0FFF7B1
:10356C0055F9034683F00103DBB2002B04D110495B
:10357C0040F2F54001F02AFC0B4B00221A7001209E
:10358C00FFF72EF95820FEF795FF00230093042334
:10359C008DF80030054B1B686A461046984700BFF3
:1035AC0005B05DF804FB00BFD0020020CC02002067
:1035BC00187D000000B587B0FFF72CF805902BE0C4
:1035CC00059B0293029B93FAA3F30193019B039334
:1035DC00039B002B01D1202303E0039BB3FA83F35D
:1035EC00DBB28DF813309DF813301846FFF7CAFA8A
:1035FC0003468DF812309DF81330012202FA03F3C2
:10360C00DB43059A134005939DF813209DF8123067
:10361C0011461846FFF794FE059B002BD0D100F005
:10362C001BF800BF07B05DF804FB86B00190019B4E
:10363C000493049B93FAA3F30393039B0593059BB9
:10364C00002B01D1202303E0059BB3FA83F3DBB2FB
:10365C00184606B07047000010B58AB0764B1B7840
:10366C0083F00103DBB2002B00F0E280D4E0089B76
:10367C0003F00123002B09D0089B03F0012318460B
:10368C00FFF7D3FF03468DF8273005E00898FFF7C6
:10369C00CCFF03468DF827309DF827301846FFF7EE
:1036AC0071FA03468DF81F309DF81F301846FFF74E
:1036BC0001FA0690069B1B68002B04D15F4940F26F
:1036CC00615001F083FB9DF91F30002B15DA069B2E
:1036DC001B68069A5168069A928902A89847034675
:1036EC008DF813309DF8133083F00103DBB2002BFF
:1036FC0057D0069B00221A6053E09DF81F301846E5
:10370C0000F026F90590069B1C68069B5968069BE1
:10371C009B891A4602A8059BA04703468DF81330D7
:10372C00029B002B08D1039B002B30D0434940F265
:10373C007D5001F04BFB2AE0039B059A9A421DD960
:10374C00069B02229A739DF82730012202FA03F39A
:10375C00DB4319463A48FDF725F906238DF804306A
:10376C009DF81F308DF8063002238DF80730354B4D
:10377C001B6801AA1046984700BF4DE0039B059AB1
:10378C009A4204D02D4940F28C5001F01FFB9DF859
:10379C00133083F00103DBB2002B02D0069B002216
:1037AC001A60FFF705FA9DF82730012202FA03F39D
:1037BC00DA43254B1B681340234A1360069B9A6817
:1037CC00039B1A44069B9A600299039A9DF81F303A
:1037DC001846FFF727F89DF81F301846FFF70CFA2C
:1037EC0000BF9DF81F301846FFF7D4F80346184663
:1037FC00FEF78EFE034683F00103DBB2002B16D0DE
:10380C004FF48070FEF784FE034683F00103DBB2B5
:10381C00002BE6D100BF0BE0094B1A680A4B1B6862
:10382C0013400893089B002B7FF421AF00E000BFEE
:10383C0000BF0AB010BD00BFDC020020187D0000E4
:10384C00D8020020CC020020D402002000B58BB09E
:10385C00FEF790FE0790079B09930023089330E036
:10386C00099B0493049B93FAA3F30393039B059383
:10387C00059B002B01D1202303E0059BB3FA83F3B6
:10388C00DBB28DF819309DF819301846FEF7F2FDB1
:10389C0003469BB21846FEF750FE0346002B07D09A
:1038AC009DF81930012202FA03F3089A1343089386
:1038BC009DF81930012202FA03F3DB43099A1340F5
:1038CC000993099B002BCBD1089B03F40003002B1D
:1038DC0014BF012300238DF81B30089B23F4000335
:1038EC00089321E0089B0193019B93FAA3F30093A7
:1038FC00009B0293029B002B01D1202303E0029B2F
:10390C00B3FA83F3DBB28DF81A309DF81A300E4AF5
:10391C0052F8233098479DF81A30012202FA03F32B
:10392C00DB43089A13400893089B002BDAD1FFF76E
:10393C0093FE9DF81B30002B01D0044B984700BF21
:10394C000BB05DF804FB00BF747D00004534000033
:10395C0000B583B003468DF807309DF80730184644
:10396C00FFF74EF803461846FEF76AFE0346184664
:10397C0003B05DF804FB08B54C20FEF79BFD00BFBF
:10398C0008BD000000B583B003468DF807309DF9E3
:10399C000730002B04DA144940F6DF0001F016FA68
:1039AC00002000F0F7F89DF807301846FFF7B8F83C
:1039BC0003461A4601239340DA430C4B1B68134011
:1039CC000A4A13609DF8073003F00803002B04D15A
:1039DC009DF807301846FEF7D7FE002000F0EEF8F1
:1039EC0000BF03B05DF804FB187D0000D40200207A
:1039FC0084B00346ADF80630BDF8063003F18043C1
:103A0C0003F5803300221A60BDF8063003F18043C1
:103A1C0003F580331B680393039B00BF04B070470E
:103A2C0082B00346ADF80630BDF8063003F1804392
:103A3C0003F580331B68002B14BF01230023DBB27A
:103A4C00184602B07047000008B54FF48070FFF7BD
:103A5C00E7FF0346002B06D0044B1B6898474FF436
:103A6C008070FFF7C5FF00BF08BD00BF0004002039
:103A7C0086B003900291019201238DF817309DF8C6
:103A8C001730204A039B13601E4A029B53601D4A49
:103A9C00019B9360039B44F20102934212D0039B5F
:103AAC0044F20202934220D1019B164AD360154B7B
:103ABC00DB681B68134A9361124BDB685B68114A25
:103ACC00D36112E0019B0F4A13610E4B1B699B687B
:103ADC000C4A53610B4B1B691B680A4A9361094BD7
:103AEC001B695B68074AD36100BF72B600BF00BF99
:103AFC009DF81730DBB2002BFAD162B600BF00BFC5
:103B0C0006B070470404002000B587B00390029102
:103B1C00019272B600BF039B44F20102934207D09C
:103B2C00039B44F20202934205D1019B059303E0EF
:103B3C00019B049300E000BF074B1B6803F00103DB
:103B4C00002B00D000BE019A02990398FFF790FF5A
:103B5C0000BF07B05DF804FBF0ED00E072B600BFEB
:103B6C00034B1B680133024A136000BF704700BF50
:103B7C0024040020064B1B68013B054A1360044BD0
:103B8C001B68002B01D162B600BF00BF704700BF9D
:103B9C002404002000B583B0019000F025F8034602
:103BAC00012B03D00449432001F010F9FFF7D6FF95
:103BBC0000BF03B05DF804FB047E000000B583B0C9
:103BCC0003468DF8073000F00FF80346012B03D0A5
:103BDC000449512001F0FAF8FFF7CCFF00BF03B005
:103BEC005DF804FB047E000084B0EFF305830193C1
:103BFC00019BC3F308030393039B002B0DD1EFF33D
:103C0C0014830093009B0293029B03F00103002B8F
:103C1C000CBF01230023DBB200E00123184604B0E3
:103C2C007047000008B5044B1B68044A1268104624
:103C3C00984700BF08BD00BF280400202C040020BA
:103C4C0082B00190019B03F00303002B0CBF0123F6
:103C5C000023DBB2184602B07047000000B585B0F7
:103C6C000190002303930EE00B4A039B52F8233080
:103C7C00002B05D0084A039B52F823300198984733
:103C8C00039B01330393039B032BEDD900BF00BFB0
:103C9C0005B05DF804FB00BF4004002082B0019029
:103CAC000091019B1B78013B052B61D801A252F8B6
:103CBC0023F000BFD93C0000E13C0000073D0000B0
:103CCC00393D0000593D0000753D0000009B00226D
:103CDC001A704EE0009B01221A70019B1A89009BFE
:103CEC009A81019B9A88009BDA81019BDA68009B80
:103CFC009A60009B00221A743BE0009B02221A700F
:103D0C00019B1A89009B9A81019B9A88009BDA81FE
:103D1C00019BDA68009B9A60019B9B7D062B0CBF74
:103D2C0001230023DAB2009B1A7422E0009B0322C9
:103D3C001A70019BDA88009B9A81019B1A89009B5F
:103D4C00DA81019BDA68009B9A6012E0009B0422E6
:103D5C001A70019BDA88009B9A81009B0022DA8101
:103D6C00009B00229A6004E0009B05221A7000E080
:103D7C0000BF00BF02B0704784B001900091019B5E
:103D8C000393039A009B9A4206D2039B1B68B3F1E0
:103D9C00FF3F01D0012300E0002303F00103DBB25D
:103DAC00184604B0704782B00190019B5B880333C6
:103DBC009B00019A1344184602B0704700B583B0BB
:103DCC00019000910198FFF7EEFF0246009B934291
:103DDC0001D2022311E0019B9B884FF6FF729342A4
:103DEC0008D0019B1B88002B04D0019B9B68B3F16E
:103DFC00FF3F01D1012300E00023184603B05DF81A
:103E0C0004FB000000B583B00190019B002B13D084
:103E1C000D4BDB681A46019B93420DD30A4B1B6971
:103E2C001A46019B934207D80198FFF709FF0346F6
:103E3C00002B01D0012300E0002303F00103DBB2CF
:103E4C00184603B05DF804FB0000002084B001901C
:103E5C00009148F2096303930023ADF80A3027E080
:103E6C00BDF80A20164913469B0013449B000B44D3
:103E7C0004331B68009A9A4215D9BDF80A201049E0
:103E8C0013469B0013449B000B4404331B6803F53F
:103E9C008053009A9A4206D200230393019BBDF8EB
:103EAC000A201A8008E0BDF80A300133ADF80A3058
:103EBC00BDF80A30012BD3D9039B184604B07047C8
:103ECC006004002082B001900091009B9B7D022B2E
:103EDC0009D9019B1A89009BDB8813449BB20333DD
:103EEC009AB2019B1A81019B5A89009BDB88D31AD9
:103EFC009BB2033B9AB2019B5A8100BF02B0704740
:103F0C0000B583B0074B1B681946002300930823A8
:103F1C00054A064802F09EFF0346184603B05DF8BA
:103F2C0004FB00BF88040020BC7E000000000020C1
:103F3C0000B585B003900399002300930823044A2D
:103F4C00044802F087FF0346184605B05DF804FBF1
:103F5C00C47E00000000002000B585B0034600912F
:103F6C00ADF80630BDF80620244913469B001344D7
:103F7C009B000B4404331B6803F580530293009B96
:103F8C001B680393039B002B04D00398FFF70BFFD4
:103F9C00039026E0BDF80620184913469B001344F5
:103FAC009B000B4404331B680833039319E00299FC
:103FBC000398FFF703FF0346022B10D0022B10DCF3
:103FCC00002B02D0012B05D00BE0009B039A1A604A
:103FDC0001230EE00398FFF7E6FE039001E00023B7
:103FEC0007E002990398FFF7C7FE0346002BDED1CA
:103FFC000023184605B05DF804FB00BF60040020E8
:10400C0000B585B001900091019B5B681846FFF7E5
:10401C00F9FE0346002B19D0019B1A89244B1B89EE
:10402C009A4213D1019B1A68019B5B689B689A4268
:10403C000CD1019B5B6819460098FFF707FF0346FC
:10404C00002B0CBF01230023DBB22CE0009B0022D1
:10405C001A8023E00023029310E0029B0393039B3E
:10406C009A68019B1B689A4208D1029A019B5A607C
:10407C000F4B1A89019B1A81012314E0009B1B88AA
:10408C0002AA11461846FFF767FF0346002BE4D13E
:10409C00009B1B8801339AB2009B1A80009B1B88E3
:1040AC00012BD7D90023184605B05DF804FB00BFDF
:1040BC009004002000B587B0039002910192009308
:1040CC00324B1B78DBB283F00103DBB2002B02D046
:1040DC0048F2016355E0019B002B02D0009B002BA2
:1040EC0049D148F204634CE0009B9B881946284A4E
:1040FC000B469B000B449B0013441B78002B33D1C5
:10410C0024E0009B1B680593039B002B06D0059BAA
:10411C009A88039B1B889A4200D017E0029B002BC5
:10412C0006D0059B1A88029B1B889A4200D00DE092
:10413C00059B9A68019B1A60009B1A68019B5A6048
:10414C00144B1A89019B1A8100231AE0009B9B884F
:10415C00009A11461846FFF7FFFE0346002BD0D1FC
:10416C00009B00221A6000E000BF009B9B8801337B
:10417C009AB2009B9A80009B9B88012BB4D948F281
:10418C000963184607B05DF804FB00BF3404002037
:10419C00600400209004002000B583B00190054B12
:1041AC000199184600F063FE0346184603B05DF80B
:1041BC0004FB00BF5004002000B583B00190044BF9
:1041CC000199184600F06CFE00BF03B05DF804FBCB
:1041DC005004002008B50A4B1B68002B04D1094978
:1041EC004FF4247000F0F2FD0121054800F06CFE44
:1041FC000346002B14BF01230023DBB2184608BD75
:10420C003C040020687E000000B587B0039002914A
:10421C00039B02229A750299039B1A1D002300939B
:10422C000423074802F016FE0590059B002B01D1D4
:10423C00002301E048F20D63184607B05DF804FB5B
:10424C000000002000B587B003900291039B1B690E
:10425C00002B01D0032200E00122039B9A75029BE4
:10426C0008331946039B03F10C020023009304232B
:10427C00074802F0EFFD0590059B002B01D10023B0
:10428C0001E048F20D63184607B05DF804FB00BF6F
:10429C000000002000B587B003900291039B1B78AF
:1042AC00032B01D1052200E00622039B9A75029B89
:1042BC0004331946039B03F10802002300930423E3
:1042CC00074802F0C7FD0590059B002B01D1002388
:1042DC0001E048F20D63184607B05DF804FB00BF1F
:1042EC000000002000B587B003900B46ADF80A30F3
:1042FC0003990023009304230D4A0E4802F0AAFDF3
:10430C000590059B002B02D048F20D630BE0BDF825
:10431C000A20094913469B0013449B000B4410339D
:10432C0001221A700023184607B05DF804FB00BF89
:10433C00CC7E0000000000206004002000B589B095
:10434C00019002AB00221A605A609A60019BDB68F4
:10435C0002930DF1160202AB11461846FFF750FE00
:10436C000346002B12D0039B0693069B9A88019B55
:10437C00DA80069B1A88019B1A81039BBDF81620D4
:10438C0011461846FFF7AEFF079002E048F20963AA
:10439C000793079B184609B05DF804FB00B587B07E
:1043AC000190019B981D02AA0D4B0021FFF782FE84
:1043BC000590059B002B08D1039B094A9288114656
:1043CC001846FFF78FFF059004E0082200210448EF
:1043DC0003F0FEF9059B184607B05DF804FB00BF1F
:1043EC00A004002000B587B003900291039B01222A
:1043FC009A75029B0C331846039B1A69039BDB8846
:10440C009B00002100910146074802F023FD059016
:10441C00059B002B01D1002301E048F20D631846E7
:10442C0007B05DF804FB00BF0000002082B0184B01
:10443C001B8901339AB2164B1A81154B00225A80F4
:10444C00134B00221A730023ADF8063018E0BDF8A8
:10445C000620104913469B0013449B000B441A780A
:10446C00BDF80630002A0CBF01220022D1B2084A46
:10447C0013440A469A72BDF806300133ADF8063083
:10448C00BDF80630012BE2D900BF00BF02B0704767
:10449C00900400206004002084B0019000238DF86B
:1044AC000F300023ADF80C3031E0BDF80C301C4A55
:1044BC0013449B7A002B25D0BDF80C30184A1344BA
:1044CC0000229A72BDF80C20164913469B00134427
:1044DC009B000B440C331B68002B13D1BDF80C2034
:1044EC00104913469B0013449B000B4410331B785C
:1044FC00002B07D0019BBDF80C201A8001238DF8EE
:10450C000F3008E0BDF80C300133ADF80C30BDF8BD
:10451C000C30012BC9D99DF80F30184604B07047E8
:10452C00900400206004002008B5084B05221A7086
:10453C00074B02229A80064B1B6819460023012266
:10454C00044802F0D8FC0346184608BD900400202D
:10455C00880400200000002000B583B0164B5B8857
:10456C00ADF80230BDF80220144913469B001344E9
:10457C009B000B440C331B68002B14D10E4B0422F4
:10458C001A70BDF802200D4913469B0013449B0082
:10459C000B4404331B68194600230122084802F01F
:1045AC00AAFC019002E0FFF7BFFF0190019B1846A7
:1045BC0003B05DF804FB00BF9004002060040020F1
:1045CC000000002000B587B0104B5B680593104BC2
:1045DC001A680F4B9B889B0013440493059B5B88C4
:1045EC000333ADF80E30094B03221A700499074BB4
:1045FC005A68BDF80E309B0000200090054802F070
:10460C0029FC0346184607B05DF804FB9004002013
:10461C00880400200000002000B583B00A4B5B88A2
:10462C000A491846FFF798FC0346002B03D0FFF706
:10463C00C9FF019002E0FFF78FFF0190019B184624
:10464C0003B05DF804FB00BF90040020940400202C
:10465C0008B50A4B06221A70084B5B881946084AA3
:10466C000B469B000B449B00134404331B681846F9
:10467C00FFF75EFC0346184608BD00BF90040020FF
:10468C006004002008B5054B07221A70034B00226A
:10469C005A60FFF735FC0346184608BD900400200D
:1046AC0008B50D48FFF7F8FE034683F00103DBB2B3
:1046BC00002B0BD0094B00221A70084B00225A8099
:1046CC00064B00225A6041F61D5302E0FFF7A4FF8F
:1046DC000346184608BD00BF920400209004002039
:1046EC0082B0094B5B680193019B5B880333ADF887
:1046FC000230064B9A88BDF8023013449AB2034B31
:10470C009A8000BF02B070479004002088040020FB
:10471C0082B01E4B1B6801931D4B5B8819461D4ACA
:10472C000B469B000B449B00134404331B68174A35
:10473C001360174B5B881946164A0B469B000B44BB
:10474C009B0013440433019A1A60114B5B88194681
:10475C000E4B98880F4A0B469B000B449B0013444E
:10476C00083302461A80094B02229A80084B5B8858
:10477C001946084A0B469B000B449B00134410330C
:10478C0000221A7000BF02B0704700BF88040020DE
:10479C00900400206004002008B51A4B1B78072BEE
:1047AC002CD801A252F823F0D5470000094800008C
:1047BC0009480000E1470000ED470000F947000000
:1047CC00F947000001480000FFF730FE0D4B0122B5
:1047DC001A7014E0FFF784FF0A4B02221A700EE0E5
:1047EC00FFF796FF074B06221A7008E0054B0722CD
:1047FC001A7004E0034B01221A7000E000BF00BFE6
:10480C0008BD00BF9004002000B587B00190009156
:10481C0048F20E630593019B002B05D0624B0022DE
:10482C005A604FF40643BAE0009B1B79032B00F24D
:10483C00A98001A252F823F05548000063480000FB
:10484C00F148000011490000009B01221A71FFF78A
:10485C0057FB059099E000238DF813300023ADF839
:10486C0010302BE0BDF81020504913469B00134428
:10487C009B000B441B78022B1BD1BDF810204B491D
:10488C0013469B0013449B000B4400221A70012317
:10489C008DF81330BDF81020444913469B00134487
:1048AC009B000B4404331B681846FFF741FB059033
:1048BC0008E0BDF810300133ADF81030BDF8103001
:1048CC00012BCFD99DF8133083F00103DBB2002B01
:1048DC005AD0354B01221A70334B00225A6041F6E4
:1048EC001D535CE0009B00221A71314B02229A800E
:1048FC002F4B1B681946002301222E4802F0FBFAAD
:10490C00059042E0009B00221A712B4B5B88ADF89E
:10491C000E30274B1B680293BDF80E20234913461B
:10492C009B0013449B000B4404331B68204A136008
:10493C00BDF80E201D4913469B0013449B000B44ED
:10494C000433029A1A60BDF80E20194B9888174947
:10495C0013469B0013449B000B44083302461A80F9
:10496C00134B02229A80BDF80E20104913469B006F
:10497C0013449B000B4400221A700298FFF7D8FADC
:10498C00059002E000BF00E000BF059B002B05D0A6
:10499C00054B00225A6048F20D6300E000231846D4
:1049AC0007B05DF804FB00BF340400206004002055
:1049BC0088040020000000209004002000B587B07F
:1049CC0001900091009B9B8A1A4613469B0013444E
:1049DC009B003B4A13440493019B002B06D0009987
:1049EC000498FFF76FFA4FF4064364E0049B5A688F
:1049FC00049B1B899B0013440393009B9B7D062BFC
:104A0C004DD801A252F823F0594A00007D4A00000B
:104A1C00654A0000714A0000314A0000894A0000D2
:104A2C00A34A0000274B00225A60009B9B69254A31
:104A3C00136025492348FFF7E3FA034683F001038B
:104A4C00DBB2002B02D048F2096334E003990098E2
:104A5C00FFF7DAFB059026E003990098FFF7F2FBCD
:104A6C00059020E003990098FFF7BCFC05901AE034
:104A7C0003990098FFF70EFC059014E0009B0622AA
:104A8C009A75104B5B68104A128811461846FFF74E
:104A9C0029FC059007E041F61D53059303E048F20D
:104AAC000E63059300BF059B002B03D0009904985F
:104ABC00FFF708FA059B184607B05DF804FB00BF2A
:104ACC0060040020A8040020B404002000B585B0C8
:104ADC0001900091019B002B02D04FF4064329E07A
:104AEC00009B1B79022B1BD0022B1DDC002B02D050
:104AFC00012B08D018E0009B02221A710098FFF7D6
:104B0C001DFC039015E00098FFF748FC0390039BF5
:104B1C0048F2096293420BD141F61D53039307E00F
:104B2C0041F61D53039304E048F20E63039300E037
:104B3C0000BF039B184605B05DF804FB00B585B0BB
:104B4C000190019B002B02D04FF406433DE0214B1A
:104B5C001B7B002B03D01F4B00221A7301E0FFF7C5
:104B6C001BFE1C4B1B78013B062B29D801A252F8CB
:104B7C0023F000BF9D4B0000A54B0000AD4B000087
:104B8C00B54B0000CD4B0000BD4B0000C54B0000E9
:104B9C00FFF786FD039017E0FFF73EFD039013E04F
:104BAC00FFF710FD03900FE0FFF7D6FC03900BE02E
:104BBC00FFF74EFD039007E0FFF764FD039003E061
:104BCC0048F20E63039300BF039B184605B05DF8D3
:104BDC0004FB00BF9004002000B589B00190404B4D
:104BEC001B68002B05D13F48FFF7D6FA03463C4A19
:104BFC0013603B4B1B68002B04D13B494FF4B46052
:104C0C0000F0E4F8364B1B681B78013B052B2CD8C5
:104C1C0001A252F823F000BF3D4C00004D4C0000A7
:104C2C004D4C00005D4C00005D4C00006D4C0000D4
:104C3C002B4B1B6819460198FFF7E6FD019018E015
:104C4C00274B1B6819460198FFF7B8FE019010E03E
:104C5C00234B1B6819460198FFF738FF019008E0B9
:104C6C000198FFF76BFF019003E048F20E6301938C
:104C7C0000BF019B002B2BD003AB00221A605A60A3
:104C8C009A60DA601A61019B41F61D52934201D081
:104C9C00019B00E000230493114B1B6803AA1146EF
:104CAC001846FEF7FBFF03AB1846FEF7D7FF0C4B7D
:104CBC0000221A60002301930A48FFF77DFAFFF7E0
:104CCC0089FA034683F00103DBB2002B02D186E79D
:104CDC0000BF00E000BF00BF09B05DF804FB00BFDF
:104CEC00B8040020BC040020687E000000B583B02E
:104CFC000190019B5B681846FFF76EFF00BF03B085
:104D0C005DF804FB1EF0040F1CBFEFF309800AE0F2
:104D1C00EFF308800549064A884201D8904202D830
:104D2C008D464FF00000034B184700000000042094
:104D3C0000E003207D4D000000BF00BFBFF34F8F8C
:104D4C0000BF064BDB6803F4E0620449044B1343D9
:104D5C00CB60BFF34F8F00BF00BFFDE700ED00E05D
:104D6C000400FA0500B583B00190FFF7E7FF0000DF
:104D7C0000B587B00190019B0493124B9B6A03937F
:104D8C00104BDB6A002305930AE00122059B02FA13
:104D9C0003F31A46039B1340002B059B0133059329
:104DAC00059B192BF1D9084B1B6803F00103002B51
:104DBC0000D000BE0198FFF7D5FF00BF07B05DF82B
:104DCC0004FB00BF00ED00E0F0ED00E000B585B0A5
:104DDC0003460091ADF80630BDF806300293009BF7
:104DEC00039302AB1A46002144F20200FEF78CFE3C
:104DFC0000BF05B05DF804FB86B001900091019BEB
:104E0C0053E8021F1FFAA1F2D888824202BFBFF3F7
:104E1C002F8F00230DE0D88902449889824228BF45
:104E2C00121AC1EA024243E802200028E8D14FF0EE
:104E3C0001038DF80F30059002910492029A009BA9
:104E4C001A609DF80F30DBB2184606B0704784B07C
:104E5C000190019951E8023FC3EA234341E8023231
:104E6C00002AF7D10392029300BF04B0704700B53B
:104E7C0085B001900091009B19460198FFF7BCFF8B
:104E8C000346002B07D0019B1B68009A52881344E1
:104E9C000393039B00E00023184605B05DF804FB68
:104EAC0000B583B001900091009B1A88009B5B8831
:104EBC009A4204D10198FFF7CAFF012300E00023B6
:104ECC00184603B05DF804FB10B487B00190009154
:104EDC00019B009A53E8004FA4EB020043E8000149
:104EEC0091F0000FF6D1059404900391049B1846A1
:104EFC0007B05DF8044B704700B583B00190019B7F
:104F0C00002B04D1054940F24510FFF75FFF019BD0
:104F1C001B681B79184603B05DF804FBD07E0000BB
:104F2C0000B583B00190019B002B04D1074940F2DE
:104F3C005510FFF74BFF019B9A68019B1B681B6880
:104F4C00D31ADBB2184603B05DF804FBD07E000028
:104F5C0082B00190019B9B68D3F84831C3F34003A6
:104F6C00DBB2002B14BF01230023DBB2184602B0C6
:104F7C007047000000B597B00B900A9109920B98FE
:104F8C00FFF7E6FF0346002B05D0002200210B980B
:104F9C0000F0BCFD61E00A9B012B05D9304A0221CF
:104FAC000B9800F087FC58E02E4A2F4BD31A2F4A4F
:104FBC00A2FB03231B0914930023159349E0159AB4
:104FCC0013465B001344DB001A46274B1344139320
:104FDC00139B9B8A1293139B9B8A1A46129BD31A80
:104FEC001193139B9A68139B5B68D31A10931398B5
:104FFC00FFF782FF03460F931398FFF791FF0346C9
:10500C000E93139B1B690D930E9B642203FB02F200
:10501C00109BB2FBF3F30F9A642102FB01F1109A7F
:10502C00B1FBF2F2109907910F9906910592109A23
:10503C0004920E9A03920293119B0193129B00937C
:10504C000D9B0B4A08210B9800F034FC159B013387
:10505C001593159A149B9A42B1D317B05DF804FBC3
:10506C00307F00006878000068780000ABAAAAAA1C
:10507C00447F000082B00190019B9B68D3F84831BB
:10508C00C3F34003DBB2002B14BF01230023DBB2BC
:10509C00184602B07047000000B585B00190019B26
:1050AC00002B0AD0074B43F001030393019B9B0198
:1050BC000293039B0298984700E000BF05B05DF88F
:1050CC0004FB00BF2087000000B583B00190019B5A
:1050DC001B69184601F0F0FA00BF03B05DF804FB41
:1050EC0082B00190019B9A68B2F8483143F00803F2
:1050FC00A2F8483100BF02B0704782B00190019B0A
:10510C009A68B2F848316FF3C303A2F8483100BF74
:10511C0002B0704782B00190019B9B68D3F8483174
:10512C00C3F3C003DBB2184602B0704700B583B0BE
:10513C000190019B002B04D0019802F0E3FA034686
:10514C0000E00023184603B05DF804FB10B588B0EE
:10515C000390029101920093039B002B02D0029BBF
:10516C00002B03D12D49F420FFF730FE039B5B6825
:10517C001B68002B03D12949F520FFF727FE0023DC
:10518C0007933EE0039B5B681B68DC68039B5868D5
:10519C00029A079BD11805AB019AA0470690069B73
:1051AC00002B03D01D49FF20FFF710FE059B019A31
:1051BC009A4204D219494FF48070FFF707FE059B01
:1051CC00079A13440793059B019AD31A0193059BE5
:1051DC00002B16D1039B9B681B78032B11D000BFAF
:1051EC00039B9B68D3F84831C3F34013DBB2002B0D
:1051FC00F6D0039B9A68B2F848316FF34513A2F8C6
:10520C004831019B002BBDD1009B002B02D0059A8D
:10521C00009B1A6000BF08B010BD00BFC08000002A
:10522C0000B583B001900B468DF80330019B1B69D0
:10523C009DF803200349184601F060FA00BF03B043
:10524C005DF804FB1881000010B586B00390029144
:10525C0001920093039B002B02D0029B002B04D1E4
:10526C000D4940F22310FFF7B1FD039B5B68002B47
:10527C0004D109494FF49270FFF7A8FD039B5B68BA
:10528C001B681C69039B5868009B019A0299A047F4
:10529C00059000BF06B010BDC080000000B589B0FD
:1052AC000390029101920093009B002B04D13B4987
:1052BC004FF49C70FFF78AFD0A9B002B04D13749F1
:1052CC0040F23910FFF782FD029B002B34D1344A97
:1052DC00344BD31ADB08019A9A4229D20023069345
:1052EC00314B0593002307931BE0079BDB002D4AF2
:1052FC0013440693019B9B00059A13441A68069B62
:10530C005B681B681946104602F0C8F90346002B6F
:10531C0004D1069B5A68009B1A603CE0079B013342
:10532C0007931F4A1F4BD31ADB08079A9A42DCD308
:10533C00009B00221A602EE0039B002B03D1009BE4
:10534C0000221A6027E0039B1B78002B10D0039BD4
:10535C005B680A99019898470A9B1B68002B03D13C
:10536C00009B00221A6016E0009B0A9A1A6012E059
:10537C00039B5A68019B1B0113441B68002B07D02D
:10538C00039B5A68019B1B011A44009B1A6002E0A4
:10539C00009B00221A6009B05DF804FBC08000007D
:1053AC00A0780000687800001400002000B583B0DD
:1053BC000190019B1B690449184601F09FF900BF3D
:1053CC0003B05DF804FB00BF2081000000B583B082
:1053DC0001900B468DF803309DF80330002B07D05D
:1053EC00019B1B699DF803200349184601F086F9BF
:1053FC0000BF03B05DF804FB2481000000B583B04E
:10540C0001900B468DF803309DF80330002B07D02C
:10541C00019B1B699DF803200349184601F06EF9A6
:10542C0000BF03B05DF804FB2C81000000B583B015
:10543C0001900B468DF803309DF80330002B07D0FC
:10544C00019B1B699DF803200349184601F056F98E
:10545C0000BF03B05DF804FB3481000000B583B0DD
:10546C0001900B468DF803309DF80330002B07D0CC
:10547C00019B1B699DF803200349184601F03EF976
:10548C0000BF03B05DF804FB3C81000000B587B0A1
:10549C0001900023ADF816300023ADF81430002332
:1054AC008DF80B3000238DF81330019B9B68A033D3
:1054BC0080220021184602F08BF9019B1B69774969
:1054CC00184601F01BF90198FFF7FEFD0023ADF81B
:1054DC001030D7E003AB0DF10B0101220198FFF75F
:1054EC00B3FE039B002B04D140F2E730FFF7D4FD51
:1054FC00BFE09DF80B301B2B06D0019B9B6893F8EB
:10550C00A0301B2B40F0B4809DF80B30522B40F098
:10551C009580019B9A689DF813301344002283F800
:10552C00A020019B9B6893F8A1305B2B06D0019BBC
:10553C009B68002283F8A0200B23AAE002238DF89D
:10554C0013301CE0BDF814301A46920013445B0073
:10555C009AB2019B99689DF81330581C8DF8130072
:10556C000B4493F8A0309BB213449BB2303BADF884
:10557C0014309DF91330002B01DA0C2389E0019BC8
:10558C009A689DF81330134493F8A0303B2BD9D173
:10559C009DF8133001338DF813309DF91330002B27
:1055AC001EDA0C2375E0BDF816301A46920013442F
:1055BC005B009AB2019B99689DF81330581C8DF8CA
:1055CC0013000B4493F8A0309BB213449BB2303BB6
:1055DC00ADF816309DF91330002B01DA0C2358E08E
:1055EC00019B9A689DF81330134493F8A030002B5C
:1055FC00D9D1BDF81630FA2B04D9019B9B68FA223D
:10560C001A7505E0019B9B68BDF81620D2B21A757D
:10561C00BDF81430FA2B04D9019B9B68FA229A75B9
:10562C0005E0019B9B68BDF81420D2B29A75019BD2
:10563C009B68002283F8A02000232AE0019B9A6833
:10564C009DF813309DF80B1013440A4683F8A020E4
:10565C009DF8133001338DF813309DF81330092B5E
:10566C0007D9019B9B68002283F8A020042310E03B
:10567C0000BF039B002B7FF42DAFBDF8103001331E
:10568C00ADF81030BDF81030B3F57A7FFFF422AFCF
:10569C000D23184607B05DF804FB00BF0C87000013
:1056AC0000B587B0039002910192029B002B04D1AC
:1056BC002A4940F24930FFF789FB019B002B04D1AA
:1056CC00264940F24A30FFF781FB0398FFF7DEFED4
:1056DC000346002B18D1039B9B681B7DADF816303D
:1056EC00039B9B689B7DADF81430FA210398FFF760
:1056FC0085FEFA210398FFF7B1FE0398FFF7C6FE6B
:10570C000346002B24D101E0062322E0039B9B6877
:10571C001A7D029B1A70039B9B689A7D019B1A70E1
:10572C00029B1A78BDF81630DBB2D31ADBB21946DD
:10573C000398FFF74BFE019B1A78BDF81430DBB2CF
:10574C00D31ADBB219460398FFF770FE002300E072
:10575C000623184607B05DF804FB00BFC0800000AC
:10576C0000B585B001900B468DF803309DF80330E1
:10577C00002B2ED0019B9B68DB7E9DF803209A4268
:10578C0034D01B238DF808305B238DF8093031237E
:10579C008DF80A303B238DF80B3033238DF80C3009
:1057AC009DF803302F33DBB28DF80D306D238DF85F
:1057BC000E3000238DF80F30019B9B689DF8032061
:1057CC00DA76019B1B6902AA0A49184600F096FF7B
:1057DC000DE0019B9B689DF80320DA76019B1B6909
:1057EC00054A0449184600F089FF00E000BF05B0E7
:1057FC005DF804FB1C8100002887000000B585B013
:10580C0001900B468DF803309DF80330002B29D006
:10581C00019B9B681B7F9DF803209A4221D01B2380
:10582C008DF808305B238DF8093034238DF80A305D
:10583C009DF803302F33DBB28DF80B306D238DF8D0
:10584C000C3000238DF80D30019B9B689DF80320D4
:10585C001A77019B1B6902AA0449184600F04EFFF7
:10586C0000E000BF05B05DF804FB00BF1C81000028
:10587C0082B001900091019B9B681B331B889AB2EC
:10588C00009B1A8000BF02B0704700B583B0019036
:10589C000091009B1B7819460198FFF761FF009B54
:1058AC005B7819460198FFF7A9FF00BF03B05DF8BC
:1058BC0004FB00000CB400B585B001900B468DF8CC
:1058CC000330069B002B04D12B4940F66130FFF7C7
:1058DC007DFA019B002B04D1274940F66230FFF77B
:1058EC0075FA019B9B68002B07D0019B5B68002B12
:1058FC0003D0019B1B68002B04D11F4940F6633079
:10590C00FFF764FA0023039307AB0393019B9B6897
:10591C00D3F84831C3F38003DBB2002B1ED0019BBC
:10592C009B68DB7E9DF803209A4217D002AB194688
:10593C000198FFF79DFF9DF8033019460198FFF77A
:10594C000FFF019B1B6903AA0699184601F0BEF8CC
:10595C0002AB19460198FFF798FF07E0019B1B6902
:10596C0003AA0699184601F0B1F800BF00BF05B0B4
:10597C005DF804EB02B07047C080000000B589B040
:10598C000390029101928DF80330029B002B00F0E2
:10599C00B8809DF80330002B05D0019BDBB2194673
:1059AC000398FFF72BFD0023069302E0069B0133BF
:1059BC000693029A069B13441B78184601F033FE9B
:1059CC000346002BF2D1002305930298FFF7AEFBA0
:1059DC000246069BD31A0793039B9B685B7E1A4671
:1059EC00019BD31A079A9A4238D80023059324E0D6
:1059FC00069A059B1344029A13441B780A2B19D15F
:105A0C000398FFF761FB029A069BD1180023059AB5
:105A1C000398FFF79BFB059A069B134401330693EF
:105A2C000398FFF7C3FC019BDBB219460398FFF701
:105A3C00E5FC06E0059B01330593059A079B9A420A
:105A4C00D6D3039B1869029A069B1344194600F09F
:105A5C0055FE00BF0398FFF7A9FC53E0039B9B681E
:105A6C005B7E1A46019BD31A0793069A059B134437
:105A7C00029A13441B78184601F0D5FD0346002BFF
:105A8C0009D0059B0793069A059B1344029A13446D
:105A9C001B780A2B0BD0059A019B1344039A92682E
:105AAC00527E934205D2059B01330593DDE700BF7F
:105ABC0000E000BF0398FFF707FB029A069BD11882
:105ACC000023079A0398FFF741FB069A079B1344A0
:105ADC00069302E0069B01330693029A069B13443D
:105AEC001B78184601F09FFD0346002BF2D103985A
:105AFC00FFF75CFC019BDBB219460398FFF77EFCB9
:105B0C0061E700BF09B05DF804FB000030B591B04F
:105B1C00059004910392059B002B04D1B34940F6E8
:105B2C00E230FFF753F9059B9B68002B07D0059BD0
:105B3C005B68002B03D0059B1B68002B04D1AB4981
:105B4C0040F6E330FFF742F90023ADF83E30A848A9
:105B5C00FFF7ECFA03469CB2A648FFF7E7FA0346B8
:105B6C009BB2E31AADF83C30059B9B685B68A24A7C
:105B7C000092A24A08210598FFF79CFE059B9B68A2
:105B8C005B681846FFF7D2FA03469CB29A48FFF7B7
:105B9C00CDFA03469BB22344ADF83E30059B9B687F
:105BAC009968BDF83E2000230598FFF7E7FE944A5C
:105BBC0000210598FFF77EFE039B002B4AD0049B27
:105BCC00002B47D000230E9340E00E9A13465B0047
:105BDC0013449B001A46049B13445B681846FFF75A
:105BEC00A5FA04460E9A13465B0013449B001A4612
:105BFC00049B13441B681846FFF798FA0346E218F7
:105C0C00BDF83C309A421ED90E9A13465B001344E1
:105C1C009B001A46049B13445B681846FFF786FAF0
:105C2C0003469CB20E9A13465B0013449B001A4623
:105C3C00049B13441B681846FFF778FA03469BB283
:105C4C002344ADF83C300E9B01330E930E9A039B0C
:105C5C009A42BAD36748FFF769FA0346694A127841
:105C6C0013449AB2BDF83C301344ADF83C30BDF847
:105C7C003C305F4A0092644A08210598FFF71AFEEF
:105C8C00604B1B789AB2BDF83C3013449BB2013385
:105C9C00ADF83E30BDF83E2000235C490598FFF777
:105CAC006DFE049B002B00F0028100230D93F9E0A4
:105CBC000D9A13465B0013449B001A46049B134435
:105CCC005B68002B69D00D9A13465B0013449B0054
:105CDC001A46049B13441B68002B5ED00D9A134686
:105CEC005B0013449B001A46049B134459680D9A9D
:105CFC0013465B0013449B001A46049B13441B6819
:105D0C0001933C4B00930B46414A08210598FFF741
:105D1C00D1FD3C4B1B789AB2BDF83C301344ADF826
:105D2C003E30BDF83E30DCB20D9A13465B00134496
:105D3C009B001A46049B13445B681846FFF7F6F960
:105D4C000346DDB20D9A13465B0013449B001A46C2
:105D5C00049B13441B681846FFF7E8F90346DBB2B3
:105D6C002B44DAB2274B1B781344DDB22148FFF7E2
:105D7C00DDF90346DBB22B44DBB2E31ADBB2194686
:105D8C000598FFF73BFB3A210598FFF749FABDF858
:105D9C003E300133ADF83E3063E00D9A13465B00A4
:105DAC0013449B001A46049B13445B68002B31D0B0
:105DBC00BDF83C100D9A13465B0013449B001A4629
:105DCC00049B13445B6800930B460F4A082105980B
:105DDC00FFF770FD0B4B1B789AB2BDF83C301344A7
:105DEC009BB20133ADF83E303BE000BFC0800000F9
:105DFC002C870000388700003C870000DC81000005
:105E0C00E481000040870000F0810000F881000070
:105E1C000C8200000D9A13465B0013449B001A463B
:105E2C00049B13441B68002B1BD0BDF83C100D9A2F
:105E3C0013465B0013449B001A46049B13441B68D7
:105E4C0000930B465B4A08210598FFF733FD5A4B2C
:105E5C001B789AB2BDF83C3013449BB20133ADF8B9
:105E6C003E300D9A13465B0013449B001A46049B6C
:105E7C0013449B68002B0FD00D9A13465B00134400
:105E8C009B001A46049B13449968BDF83E200023DE
:105E9C000598FFF773FD02E00598FFF787FA0D9B55
:105EAC0001330D930D9A039B9A42FFF401AF059BAE
:105EBC009B68DB68002B75D0059B9B68DB680B939C
:105ECC00002306930023ADF83E300023ADF83C30A0
:105EDC0000230C930C9A531C0C9306A907AB00934C
:105EEC000B4601210B98FFF7D9F9069B002B12D01A
:105EFC00069B1B681846FFF719F90246BDF83C30A3
:105F0C009A42E7D9069B1B681846FFF70FF9034620
:105F1C00ADF83C30DEE700BF0C9B012B44D0274A88
:105F2C0000210598FFF7C6FC00230C930C9A531C18
:105F3C000C9306A907AB00930B4601210B98FFF7B6
:105F4C00ADF9069B002B31D01B4B1B789AB2BDF8D8
:105F5C003C301344ADF83E30BDF83E20069B1B6828
:105F6C0000931346134A08210598FFF7A3FC124B24
:105F7C001B789AB2BDF83E3013449BB20133ADF896
:105F8C003E30069B5B68002B08D0069B5968BDF819
:105F9C003E2000230598FFF7F1FCC7E70598FFF7B3
:105FAC0005FAC3E700BF02E000BF00E000BF11B07C
:105FBC0030BD00BFF0810000408700001882000057
:105FCC0000B585B00390019200930B468DF80B3011
:105FDC000398FFF74FF80346002B06D0009A01995F
:105FEC000398FFF793FD01230EE09DF80B30002B77
:105FFC0009D0039B9B685B68054A02210398FFF755
:10600C0059FC012300E00023184605B05DF804FBA1
:10601C002882000000B585B0039002910192039B89
:10602C00002B04D12B4940F65F50FEF7CFFE039BAB
:10603C009B68002B07D0039B5B68002B03D0039B52
:10604C001B68002B04D123494FF45660FEF7BEFEAB
:10605C00029B022B0BD10398FFF70CF80346002B85
:10606C0005D0002200210398FFF750FD2FE0039B81
:10607C00002B04D1174940F66850FEF7A7FE039B8E
:10608C001B69002B04D1134940F66850FEF79EFEA5
:10609C00039B1B69104A1149184600F02FFB039B08
:1060AC00002B04D10B4940F66950FEF78FFE039B81
:1060BC001B69002B04D1074940F66950FEF786FE98
:1060CC00039B1B69064A0549184600F017FB05B0EF
:1060DC005DF804FBC0800000448700001C810000B8
:1060EC004887000000B585B0039002910192039B94
:1060FC00002B04D1174940F66E50FEF767FE039B48
:10610C009B68002B07D0039B5B68002B03D0039B81
:10611C001B68002B04D10F4940F66F50FEF756FE5A
:10612C00029B012B08D0029B022B0BD10398FEF78C
:10613C00A1FF0346002B05D0002200210398FFF796
:10614C00E5FC04E0044A02210398FFF7B3FB05B019
:10615C005DF804FBC0800000B881000000B585B07C
:10616C00039002910192029B012B14BF0123002387
:10617C00D9B2002300220398FFF722FF0346002B1D
:10618C0008D1039B9A68B2F848316FF38203A2F8E6
:10619C00483100E000BF05B05DF804FB00B585B0E8
:1061AC00039002910192029B012B14BF0123002347
:1061BC00D9B2002300220398FFF702FF0346002BFD
:1061CC0008D1039B9A68B2F8483143F00403A2F853
:1061DC00483100E000BF05B05DF804FB00B587B0A6
:1061EC00059004910392059B002B04D11F4940F6A6
:1061FC008F50FEF7EBFD059B9B68002B07D0059B92
:10620C005B68002B03D0059B1B68002B04D117493E
:10621C004FF45960FEF7DAFD049B012B05D10022E7
:10622C0000210598FFF772FC1DE0049B022B14BFA4
:10623C0001230023D9B2002300220598FFF7C0FEEA
:10624C000346002B0ED1039B1A68039B04331B6877
:10625C000193074B00931346064A02210598FFF75A
:10626C0029FB00E000BF07B05DF804FBC080000014
:10627C00508200004482000000B587B00590049164
:10628C000392049B022B8CBF01230023D9B2002361
:10629C0000220598FFF794FE0346002B20D1049BA7
:1062AC00022B0ED1039B1A68039B04331B680193CA
:1062BC000D4B009313460D4A02210598FFF7FAFA8D
:1062CC000FE00598FEF726FF0346002B01D0084B84
:1062DC0000E0084B084A00210598FFF7EBFA00E0B4
:1062EC0000BF07B05DF804FB508200004482000040
:1062FC00688200006C8200007082000000B585B0DE
:10630C00039002910192029B012B14BF01230023E5
:10631C00D9B2002300220398FFF752FE0346002B4C
:10632C0003D10398FEF7E9FE00E000BF05B05DF86D
:10633C0004FB00B585B0039002910192029B012BE6
:10634C0014BF01230023D9B2002300220398FFF7C6
:10635C0037FE0346002B03D10398FEF7C1FE00E085
:10636C0000BF05B05DF804FB00B58DB0059004913D
:10637C000392059B002B04D12D4940F6C750FEF724
:10638C0025FD059B9B68002B07D0059B5B68002BAC
:10639C0003D0059B1B68002B04D1254940F6C8503F
:1063AC00FEF714FD049B012B14BF01230023D9B26B
:1063BC00002300220598FFF703FE0346002B33D180
:1063CC0000230B93059B9B68D3F840310A930A9BDF
:1063DC00002B23D00B9B072B20D807A900230922C5
:1063EC000A9800F08DFE059B9B6803F1A0019DF8B7
:1063FC00243001331A4609230A9800F081FE089BC9
:10640C000A930B9B5A1C0B92059A9268A03200922D
:10641C00084A00210598FFF74DFAD8E7059B9B68C1
:10642C00002283F8A02000E000BF0DB05DF804FB53
:10643C00C08000008482000000B587B005900491F4
:10644C000392049B012B05D1002200210598FFF734
:10645C005DFB1CE0049B022B0ED1039B1A68039B73
:10646C0004331B6801930B4B009313460A4A022119
:10647C000598FFF71FFA0AE0049B022B8CBF01233F
:10648C000023D9B2002300220598FFF799FD07B02D
:10649C005DF804FB508200004482000000B58BB014
:1064AC00079006910592069B012B14BF0123002334
:1064BC00D9B2002300220798FFF782FD0346002B78
:1064CC0029D1079BDB685B681B680993099800F06E
:1064DC0011FF03468DF823309DF82330642203FB13
:1064EC0002F2099B9B68B2FBF3F38DF82230079BF9
:1064FC009B68D3F838019DF822309DF82320099928
:10650C0089680291019200930346054A002107987D
:10651C00FFF7D0F900E000BF0BB05DF804FB00BF43
:10652C009082000000B585B0039002910192029B0D
:10653C00012B14BF01230023D9B20023002203989E
:10654C00FFF73EFD0346002B0CD1039B9B680022FA
:10655C00C3F83821039BDB685B681B68184600F0A6
:10656C00DDFE00E000BF05B05DF804FB00B585B0B2
:10657C00039002910192029B012B14BF0123002373
:10658C00D9B2002300220398FFF71AFD0346002B13
:10659C0020D1039B002B04D1104940F62160FEF75B
:1065AC0015FC039B1B69002B04D10C4940F62160A0
:1065BC00FEF70CFC039B1B69094A0A49184600F0BC
:1065CC009DF8039B9B6850225A76039B9B6818226C
:1065DC001A7600E000BF05B05DF804FBC080000037
:1065EC00508700001C81000000B587B00590049115
:1065FC000392059B002B04D12B4940F62860FEF733
:10660C00E5FB059B9B68002B07D0059B5B68002B6B
:10661C0003D0059B1B68002B04D1234940F629604D
:10662C00FEF7D4FB049B012B1BD1059B9B6803F14C
:10663C001901059B9B6818331A460598FFF730F82B
:10664C000346002B2AD0059B9B6850225A76059B4B
:10665C009B6818221A76154A04210598FFF72AF927
:10666C001CE0049B022B8CBF01230023D9B2002316
:10667C0000220598FFF7A4FC0346002B10D1039BC6
:10668C001A68039B04331B680193094B0093134650
:10669C00084A02210598FFF70DF902E000BF00E05F
:1066AC0000BF07B05DF804FBC0800000C88200008A
:1066BC00508200004482000000B583B00190019B21
:1066CC00002B03D10C493120FEF780FB019B9B680A
:1066DC00002B0CD0019B5B69019A1069019A11681F
:1066EC00019A92689847019B00229A6000E000BFD3
:1066FC0003B05DF804FB00BF588700000EB400B572
:10670C0084B00190019B002B03D118494220FEF765
:10671C005DFB019B5B69002B03D114494320FEF701
:10672C0055FB019B1B68002B03D110494420FEF73D
:10673C004DFB019B5B68002B03D10C494520FEF7F8
:10674C0045FB059B002B0AD00023039306AB039358
:10675C0003AB1A460599019800F0B8F900E000BFA8
:10676C0004B05DF804EB03B0704700BF588700001D
:10677C0000B583B001900B468DF803309DF80330C3
:10678C000A2B03D10D210198FFF7F2FF019B1A6828
:10679C00019B9B68581C0199886013449DF8032049
:1067AC001A70019B9A68019B5B689A4202D301980C
:1067BC00FFF782FF00BF03B05DF804FB00B587B0A4
:1067CC00039002910192009300230593009B03F028
:1067DC000103002B24D00BE0029B01330293059B99
:1067EC00013305939DF8133019460398FFF7C0FF4A
:1067FC00029B1B788DF813309DF81330002BEBD1D6
:10680C0006E0019B013B019320210398FFF7B0FFA9
:10681C00019A059B9A422ED9019B002BF1D12AE0BB
:10682C00029B002B0BD0029800F06CFF059006E049
:10683C00019B013B019320210398FFF799FF019ADB
:10684C00059B9A420FD9019B002BF1D10BE0029BC7
:10685C0001330293059B013305939DF813301946C0
:10686C000398FFF785FF029B1B788DF813309DF87A
:10687C001330002BEBD100BF07B05DF804FB000018
:10688C0000B589B00390029101920093029B07938B
:10689C000123069307E0079A019BB2FBF3F30793DE
:1068AC00069B01330693079A019B9A42F3D2009AF6
:1068BC00069B9A4201D9009B06930B9B03F00103A4
:1068CC00002B22D10A9B002B1FD00B9B03F0020341
:1068DC00002B06D0009B002B03D130238DF81730F2
:1068EC0002E020238DF8173008E00A9B013B0A9345
:1068FC009DF8173019460398FFF73AFF0A9B002BB7
:10690C0003D0069A0A9B9A42EFD301230793009B6C
:10691C00012B03D9009B013B009309E0029A079BD2
:10692C00B2FBF3F30493049A019B9A4200D205E064
:10693C00079B019A02FB03F30793E8E7029A079B74
:10694C00B2FBF3F30493049B079A02FB03F3029A42
:10695C00D31A0293154A049B13441B7819460398C7
:10696C00FFF706FF079A019BB2FBF3F30793079B14
:10697C00002BE3D10B9B03F00103002B11D00A9BDE
:10698C00002B0ED006E00A9B013B0A9320210398B2
:10699C00FFF7EEFE0A9B002B03D0069A0A9B9A4245
:1069AC00F1D300BF09B05DF804FB00BF08880000FC
:1069BC0000B589B00590049103920293049B002BBF
:1069CC00B8BF5B4206930123079307E0039B069A2B
:1069DC0092FBF3F30693079B01330793039B069AF1
:1069EC009A42F3DA029A079B9A4201D9029B0793C7
:1069FC000A9B002B0AD0049B002B04DB0B9B03F09F
:106A0C000403002B02D00A9B013B0A930B9B03F05F
:106A1C000203002B02D0029B002B16D00B9B03F021
:106A2C000103002B11D10A9B002B0ED006E00A9B10
:106A3C00013B0A9320210598FFF79AFE0A9B002B35
:106A4C0003D0079A0A9B9A42F1D3049B002B07DAD6
:106A5C00049B5B4204932D210598FFF789FE08E007
:106A6C000B9B03F00403002B03D02B210598FFF79D
:106A7C007FFE0B9B03F00203002B19D00B9B03F042
:106A8C000103002B14D1029B002B11D10A9B002B6C
:106A9C000ED006E00A9B013B0A9330210598FFF7C4
:106AAC0067FE0A9B002B03D0079A0A9B9A42F1D3EC
:106ABC0004990B9B01930A9B0093029B039A0598E4
:106ACC00FFF7DEFE00BF09B05DF804FB00B58FB028
:106ADC00059004910392059B002B04D1AD4940F223
:106AEC005220FEF773F9059B5B69002B04D1A94971
:106AFC004FF41570FEF76AF9059B1B68002B04D147
:106B0C00A44940F25520FEF761F9059B5B68002B08
:106B1C0004D1A04940F25620FEF758F9049B002BF3
:106B2C0000F09381049B1B788DF83730049B013364
:106B3C0004939DF83730002B00F07E819DF83730A0
:106B4C00252B40F06D8100230A9301230C93049BA9
:106B5C001B788DF837309DF83730302B0DD0302B1B
:106B6C001BDC2B2B11D02D2B17D10A9B43F00103CF
:106B7C000A93049B0133049312E00A9B43F0020333
:106B8C000A93049B013304930AE00A9B43F0040329
:106B9C000A93049B0133049302E000230C9300BF7F
:106BAC000C9B002BD3D1002309939DF837302A2B53
:106BBC000CD1039B1B68191D039A11601B68099A61
:106BCC0013440993049B013304931AE0049B1B7830
:106BDC008DF837309DF837302F2B12D99DF8373080
:106BEC00392B0ED8049B01330493099A13469B004E
:106BFC0013445B001A469DF837301344303B09931D
:106C0C00D3E700230B93049B1B788DF837309DF84A
:106C1C0037302E2B1DD1049B01330493049B1B781E
:106C2C008DF837309DF837302F2B12D99DF837302F
:106C3C00392B0ED8049B013304930B9A13469B00FB
:106C4C0013445B001A469DF837301344303B0B93CA
:106C5C00E4E7049B1B788DF837309DF837306C2BAC
:106C6C0003D09DF83730682B07D1049B0133049374
:106C7C00049B1B788DF83730EFE79DF83730252BC8
:106C8C0000F0C480252BC0F2C680782B00F3C380A3
:106C9C00582BC0F2C080583B202B00F2BC8001A2C4
:106CAC0052F823F0A56D0000236E0000236E000047
:106CBC00236E0000236E0000236E0000236E000084
:106CCC00236E0000236E0000236E0000236E000074
:106CDC00356D0000576D0000236E0000236E000020
:106CEC00236E0000236E0000576D0000236E000021
:106CFC00236E0000236E0000236E0000236E000044
:106D0C00236E0000E56D0000236E0000236E000072
:106D1C00C96D0000236E00007B6D0000236E000027
:106D2C00236E0000A56D0000039B1B68191D039AC0
:106D3C0011601B680C930C9B8DF81F309DF81F3055
:106D4C0019460598FFF714FD66E0039B1B68191D97
:106D5C00039A11601B680C930A9B0193099B009387
:106D6C000B9B0A220C990598FFF722FE54E0039B1B
:106D7C001B68191D039A11601B680C930C990A9BD4
:106D8C000193099B00930B9B0A220598FFF778FD52
:106D9C0042E000BFAC870000039B1B68191D039ADF
:106DAC0011601B680C930C990A9B0193099B00932F
:106DBC000B9B10220598FFF763FD2DE0039B1B68CE
:106DCC00191D039A11601B6808930A9B099A08996C
:106DDC000598FFF7F3FC1FE0039B1B68191D039A32
:106DEC0011601B680C9330210598FFF7C1FC7821CA
:106DFC000598FFF7BDFC0C99002301930823009321
:106E0C00082310220598FFF73BFD05E02521059886
:106E1C00FFF7AEFC00E000BF049B0133049305E0D8
:106E2C009DF8373019460598FFF7A2FC049B1B7898
:106E3C00002B7FF477AE00E000BF059B1B7B002B83
:106E4C0004D00598FFF738FC00E000BF0FB05DF8E8
:106E5C0004FB00BF10B586B0059004910392029319
:106E6C00059B002B01D10E2342E0039B002B01D18B
:106E7C000E233DE0059B1B68002B01D1082337E056
:106E8C00029B002B01D1092332E0059B5B685A68F9
:106E9C00029BB3FBF2F101FB02F29B1A002B01D017
:106EAC00092325E0049800F07BF80346002B01D160
:106EBC0010231DE0039B184600F072F80346002BCC
:106ECC0001D1102314E0029A0499059800F04EF8B1
:106EDC000346002B01D110230AE0059B1B68DC68DC
:106EEC00089B0093029B039A04990598A0470346BC
:106EFC00184606B010BD10B584B0039002910192F3
:106F0C000093039B002B01D10E232CE0039B1B68E9
:106F1C00002B01D1082326E0019B002B01D1092372
:106F2C0021E00299039800F048F80346002B01D1A8
:106F3C00102318E0039B5B681B68019A02FB03F3A8
:106F4C001A460299039800F011F80346002B01D160
:106F5C00102308E0039B1B681C69009B019A029993
:106F6C000398A0470346184604B010BD84B00390A4
:106F7C0002910192039BDB68029A9A4209D3029A0E
:106F8C00019B13445A1E039B1B699A4201D801238F
:106F9C0000E0002303F00103DBB2184604B0704795
:106FAC0082B00190019B03F00303002B0CBF012363
:106FBC000023DBB2184602B0704782B001900091FA
:106FCC00019B5B681B685A1E009B1340002B0CBF77
:106FDC0001230023DBB2184602B0704700B591B014
:106FEC000390029101920093039B002B03D1434920
:106FFC00B620FDF7EBFE039B0993039B0F93099BB4
:10700C00DB881A46099B5B7902FB03F3043B08936C
:10701C00009A089B9A4203D33849C420FDF7D6FE48
:10702C00099BDB880793009B1A1D079BB2FBF3F3AC
:10703C000E93009B0433079AB3FBF2F2079901FB02
:10704C0002F29B1A0D93019B1A68009B1344089A39
:10705C009A4203D2089A009BD31A01E0019B1B6849
:10706C000C93019B0C9A1A6005E00F9B1B680F9305
:10707C000E9B013B0E930E9B002BF6D100230B9322
:10708C00079A0D9BD31A0A930A9A0C9B934228BF1A
:10709C0013460A932AE0029A0B9B134406930F9A09
:1070AC000D9B1344043305939DF84830002B05D0F9
:1070BC000A9A0599069800F055FB04E00A9A06997D
:1070CC00059800F04FFB00230D930F9B1B680F934B
:1070DC000C9A0A9BD31A0C930B9A0A9B13440B938E
:1070EC00079A0C9B934228BF13460A930C9B002BC8
:1070FC00D1D100BF00BF11B05DF804FB18880000AF
:10710C0000B589B00590049103920293039B0793F9
:10711C0007AA01230093029B04990598FFF75EFFD1
:10712C00079B039A9A4204D004494FF48070FDF7F0
:10713C004DFE00BF09B05DF804FB00BF18880000CD
:10714C0082B00190019B9B68D3F84831C3F3400394
:10715C00DBB2002B14BF01230023DBB2184602B0B4
:10716C007047000000B595B00B900A9109920B98EE
:10717C00FFF7E6FF0346002B05D0002200210B98F9
:10718C00FEF7C4FC5CE00A9B012B05D92E4A0221B8
:10719C000B98FEF78FFB53E02C4A2D4BD31A2D4A3C
:1071AC00A2FB03231B0912930023139344E0139AAD
:1071BC0013465B001344DB001A46254B1344119312
:1071CC00119BDB681093119B9B680F93119800F037
:1071DC0091F80E90119800F071F80D90119B5B696D
:1071EC000C930D9B642203FB02F20F9BB2FBF3F397
:1071FC000E9A642102FB01F10F9AB1FBF2F2119984
:10720C00097C002901D1144900E0144907910F9918
:10721C0006910E99059104920F9A03920D9A02927F
:10722C000193109B00930C9B0D4A08210B98FEF7C1
:10723C0041FB139B01331393139A129B9A42B6D3BF
:10724C0015B05DF804FB00BF78880000687800007A
:10725C0050780000ABAAAAAA8C880000988800007D
:10726C00A488000082B00190019B9B68024A1278AE
:10727C001344184602B07047088A000000B585B068
:10728C000190019B1B681B680393019B1B685B6847
:10729C000293029A039B9A4203D3029A039BD31A3A
:1072AC0007E00198FFF7DEFF0246039BD21A029B10
:1072BC001344184605B05DF804FB000000B585B01A
:1072CC000190019B002B04D1094940F21E20FDF7CF
:1072DC007DFD0020FCF75EFC0198FFF7CFFF0390CB
:1072EC000020FCF76BFC039B184605B05DF804FB13
:1072FC007489000000B583B00190019B002B04D170
:10730C00054940F23920FDF761FD019B1B689B6824
:10731C00184603B05DF804FB7489000000B583B017
:10732C000190019B002B04D1064940F23F20FDF750
:10733C004DFD019B1B6800229A6000BF03B05DF8F5
:10734C0004FB00BF7489000000B587B003468DF8BC
:10735C0007309DF80730FF2B08D19DF80730012B23
:10736C0004D921494FF4E470FDF730FD9DF8072056
:10737C001E4913465B0013449B000B441B68002BF7
:10738C0004D1194940F2C910FDF720FD9DF80730D2
:10739C005A1C13469B0013441B02154A13440393B7
:1073AC009DF8072013469B0013441B0203F58073C2
:1073BC000F4A134404934FF48063059309E0049B34
:1073CC001A1D04921B680B4A934207D1059B043B80
:1073DC000593049A039B9A42F1D300E000BF059BEE
:1073EC00184607B05DF804FB0C8A0000001400205E
:1073FC00000500200ED0ADDE00B58DB007900691D3
:10740C00059200238DF82F30B7E000230A9300205B
:10741C00FCF7C0FB9DF82F205D4913465B0013441D
:10742C009B000B441B68002B18D09DF82F2058494B
:10743C0013465B0013449B000B4404331B68002B66
:10744C000AD09DF82F20524913465B0013449B0031
:10745C000B4404331B6800E04E4B0A930020FCF7EE
:10746C00ADFB0A9B002B00F083809DF82F30184653
:10747C00FFF76AFF09909DF82F30474A08210798BB
:10748C00FEF718FA0A9B454A08210798FEF712FAEC
:10749C00099B002B27D09DF82F2013469B001344EB
:1074AC001B0203F580733E4A134418469DF82F3097
:1074BC005A1C13469B0013441B02394A1344013BCC
:1074CC00099A642101FB02F2920A4FF48061039144
:1074DC0009990291019200930346324A08210798B8
:1074EC00FEF7E8F91BE09DF82F2013469B00134490
:1074FC001B0203F580732A4A134419469DF82F305A
:10750C005A1C13469B0013441B02254A1344013B8F
:10751C0000930B46244A08210798FEF7CBF9234B1E
:10752C001B789DF82F209A420DD09DF82F304FF0EC
:10753C000042DA401E4B1B681340002B01D01D4B40
:10754C0002E01D4B00E01D4B1D4A08210798FEF779
:10755C00B1F99DF82F200E4913465B0013449B0094
:10756C000B4408331B68174A08210798FEF7A2F949
:10757C009DF82F3001338DF82F309DF82F30022BD2
:10758C007FF643AF00BF00BF0DB05DF804FB00BF3A
:10759C0000140020808A0000888A0000948A000071
:1075AC0000050020A48A0000E08A000028140020B6
:1075BC0024140020F88A0000048B0000108B0000BB
:1075CC00188B0000288B0000002A04BF0020704795
:1075DC008446097848B2002844BF6FF00100704718
:1075EC00BCF1000F18BFCCF800100021C3E900114A
:1075FC00002818BF012070477F298EBF6FF0010053
:10760C0001700120704741F22C42C2F20002136853
:10761C00002B02BF40F23403C2F2000313605A681D
:10762C009268126810470821FFF7EDBF7F2884BFCE
:10763C000020704748F6C852C0F20002515C48F670
:10764C004852C0F20002105C08407047A0F1610182
:10765C001A2938BF20387047A0F141011A2938BFC8
:10766C00203070477F2884BF0020704748F6C852EE
:10767C00C0F20002515C48F64852C0F20002105CA5
:10768C0008407047A0F161011A2938BF20387047B3
:10769C00A0F141011A2938BF203070474FF0013C4E
:1076AC0050F8042B51F8043B9A421ED1CCFA52F2FA
:1076BC00DAB950F8042B51F8043B9A4215D1CCFAA4
:1076CC0052F292B950F8042B51F8043B9A420CD167
:1076DC00CCFA52F24AB950F8042B51F8043B9A42B6
:1076EC0003D1CCFA52F2002ADAD00438043910F85B
:1076FC00012B11F8013BD21A01D1002BF7D1104606
:10770C00704700BF411C82070CD010F8012B3AB314
:10771C00820707D010F8012B12B3820702D010F8A1
:10772C00012BEAB14FF0013C50F8042BCCFA52F388
:10773C007BB950F8042BCCFA52F353B950F8042B04
:10774C00CCFA52F32BB950F8042BCCFA52F3002B91
:10775C00EAD004381BBAB3FA83F300EBD300013040
:10776C00401A704772B3844690EA01039B0721D1FB
:10777C00830709D011F8013B00F8013B013A20D0F6
:10778C008307F7D100E08446202A0AD32DE9F007BD
:10779C00B1E8F807A0E8F807203A202AF8D2BDE8AB
:1077AC00F007042A06D351F8043B40F8043B043A92
:1077BC00042AF8D22AB111F8013B00F8013B013A36
:1077CC00F9D16046704700BF00220B0011001A006F
:1077DC0084465AB3830704D000F8011B013AF9D14F
:1077EC0024E0C9B241EA012141EA0141202A11D326
:1077FC00203A2DE9F0030B460C460D460E460F467B
:10780C0088468946A0E8FA03203AFBD2BDE8F0038B
:10781C0020320BD0042A05D340F8041B043A05D0BF
:10782C00042AF9D200F8011B013AFBD160467047DB
:10783C00072904D90023024AC0E9003110607047BF
:04784C0030140020D4
:107850008C000020480000204000000001000000D3
:0878600000000000D0780000D8
:1078680000000000B080000000000000CC8600008E
:1078780000000000DC86000000000000EC8600002C
:1078880000000000FC86000000000000F8890000ED
:0878980000000000A48B0000B9
:1078A0000000000000000000F94C00000000000093
:0478B00000000000D4
:1078B40000000000000000000000000000000000C4
:0C78C400000000000000000000000000B8
:1078D0006D5F72616E645F706F6F6C00433A5C55F0
:1078E000736572735C44696E6F5C4465736B746F2F
:1078F000705C42696F44415120467573696F6E5CDC
:107900006E5246355F53444B5F31372E312E305C1B
:10791000696E746567726174696F6E5C6E726678A9
:107920005C6C65676163795C6E72665F6472765FDA
:10793000726E672E630000002E2E2F2E2E2F2E2EFD
:107940002F2E2E2F6E5246355F53444B5F31372E0C
:10795000312E302F696E746567726174696F6E2F96
:107960006E7266782F6E7266785F676C75652E68CA
:10797000000000002E2E2F2E2E2F2E2E2F2E2E2FDB
:107980006E5246355F53444B5F31372E312E302FC8
:107990006D6F64756C65732F6E7266782F68616C9D
:1079A0002F6E72665F6770696F2E6800000000506E
:1079B00000030050433A5C55736572735C44696E12
:1079C0006F5C4465736B746F705C42696F444151C6
:1079D00020467573696F6E5C6E5246355F53444B3B
:1079E0005F31372E312E305C6D6F64756C65735C62
:1079F0006E7266785C647269766572735C737263CA
:107A00005C6E7266785F6770696F74652E630000E4
:107A10002E2E2F2E2E2F2E2E2F2E2E2F6E524635FF
:107A20005F53444B5F31372E312E302F696E7465B2
:107A300067726174696F6E2F6E7266782F6E7266F0
:107A4000785F676C75652E68000000002E2E2F2E63
:107A50002E2F2E2E2F2E2E2F6E5246355F53444B37
:107A60005F31372E312E302F6D6F64756C65732F3B
:107A70006E7266782F68616C2F6E72665F706F77BA
:107A800065722E6800000000433A5C55736572739E
:107A90005C44696E6F5C4465736B746F705C4269C3
:107AA0006F44415120467573696F6E5C6E52463566
:107AB0005F53444B5F31372E312E305C6D6F6475F0
:107AC0006C65735C6E7266785C64726976657273FD
:107AD0005C7372635C6E7266785F706F7765722E2E
:107AE00063000000433A5C55736572735C44696ED1
:107AF0006F5C4465736B746F705C42696F44415195
:107B000020467573696F6E5C6E5246355F53444B09
:107B10005F31372E312E305C6D6F64756C65735C30
:107B20006E7266785C647269766572735C73726398
:107B30005C7072735C6E7266785F7072732E630035
:107B40002E2E2F2E2E2F2E2E2F2E2E2F6E524635CE
:107B50005F53444B5F31372E312E302F696E746581
:107B600067726174696F6E2F6E7266782F6E7266BF
:107B7000785F676C75652E68000000002E2E2F2E32
:107B80002E2F2E2E2F2E2E2F6E5246355F53444B06
:107B90005F31372E312E302F6D6F64756C65732F0A
:107BA0006E7266782F68616C2F6E72665F6770699F
:107BB0006F2E6800433A5C55736572735C44696E5E
:107BC0006F5C4465736B746F705C42696F444151C4
:107BD00020467573696F6E5C6E5246355F53444B39
:107BE0005F31372E312E305C6D6F64756C65735C60
:107BF0006E7266785C647269766572735C737263C8
:107C00005C6E7266785F7370696D2E6300000000B1
:107C10002E2E2F2E2E2F2E2E2F2E2E2F6E524635FD
:107C20005F53444B5F31372E312E302F696E7465B0
:107C300067726174696F6E2F6E7266782F6E7266EE
:107C4000785F676C75652E6800000000433A5C55EC
:107C5000736572735C44696E6F5C4465736B746FBB
:107C6000705C42696F44415120467573696F6E5C68
:107C70006E5246355F53444B5F31372E312E305CA8
:107C80006D6F64756C65735C6E7266785C64726946
:107C9000766572735C7372635C6E7266785F73771D
:107CA000692E63002E2E2F2E2E2F2E2E2F2E2E2FAE
:107CB0006E5246355F53444B5F31372E312E302F95
:107CC000696E746567726174696F6E2F6E72667823
:107CD0002F6E7266785F676C75652E680000000015
:107CE0002E2E2F2E2E2F2E2E2F2E2E2F6E5246352D
:107CF0005F53444B5F31372E312E302F6D6F6475DB
:107D00006C65732F6E7266782F68616C2F6E726669
:107D10005F757362642E6800433A5C5573657273D5
:107D20005C44696E6F5C4465736B746F705C426930
:107D30006F44415120467573696F6E5C6E524635D3
:107D40005F53444B5F31372E312E305C6D6F64755D
:107D50006C65735C6E7266785C647269766572736A
:107D60005C7372635C6E7266785F757362642E63B7
:107D700000000000E92D0000212E00000932000063
:107D8000133200001F3200002B3200003732000097
:107D9000433200004F3200005B320000213400000B
:107DA00067320000733200007D320000893200002B
:107DB00095320000A1320000AD320000B93200005F
:107DC000C5320000D1320000DD3200000535000070
:107DD00045340000C135000008010C0110011401F8
:107DE00018011C01200124012C0100003001340184
:107DF00038013C014001440148014C0150010000A0
:107E000000010000433A5C55736572735C44696E0F
:107E10006F5C4465736B746F705C42696F44415171
:107E200020467573696F6E5C6E5246355F53444BE6
:107E30005F31372E312E305C636F6D706F6E656E03
:107E400074735C6C69627261726965735C75746984
:107E50006C5C6170705F7574696C5F706C61746686
:107E60006F726D2E63000000433A5C557365727348
:107E70005C44696E6F5C4465736B746F705C4269DF
:107E80006F44415120467573696F6E5C6E52463582
:107E90005F53444B5F31372E312E305C636F6D7012
:107EA0006F6E656E74735C6C696272617269657322
:107EB0005C6664735C6664732E630000DEC0ADDED6
:107EC000FF011EF1DEC0ADDEFE011EF10000FFFF6E
:107ED000433A5C55736572735C44696E6F5C4465CC
:107EE000736B746F705C42696F44415120467573C7
:107EF000696F6E5C6E5246355F53444B5F31372E6F
:107F0000312E305C636F6D706F6E656E74735C6C78
:107F100069627261726965735C62616C6C6F635CEB
:107F20006E72665F62616C6C6F632E6800000000A9
:107F300042616420617267756D656E7420636F7550
:107F40006E74000025730D0A092D20456C656D6562
:107F50006E742073697A653A092564202B202564A4
:107F6000206279746573206F66206465627567208E
:107F7000696E666F726D6174696F6E0D0A092D20EE
:107F800055736167653A09257525252028257520D3
:107F90006F7574206F6620257520656C656D656E44
:107FA0007473290D0A092D204D6178696D756D3A3C
:107FB000092575252520282575206F7574206F6685
:107FC00020257520656C656D656E7473290D0A0D2D
:107FD0000A00000073746174757300005072696E5A
:107FE0007420737461747573206F662062616C6CA9
:107FF0006F6320696E7374616E6365732E00000099
:1080000062616C6C6F630000436F6D6D616E6473D1
:1080100020666F722042414C4C4F43206D616E616F
:1080200067656D656E740000433A5C5573657273E5
:108030005C44696E6F5C4465736B746F705C42691D
:108040006F44415120467573696F6E5C6E524635C0
:108050005F53444B5F31372E312E305C636F6D7050
:108060006F6E656E74735C6C696272617269657360
:108070005C62616C6C6F635C6E72665F62616C6C9B
:108080006F632E6300000000D47F0000DC7F0000DF
:1080900000000000814F0000000000000000000010
:1080A00000000000000000000000000088800000C8
:1080B0000080000008800000A8800000814F0000C0
:1080C000433A5C55736572735C44696E6F5C4465DA
:1080D000736B746F705C42696F44415120467573D5
:1080E000696F6E5C6E5246355F53444B5F31372E7D
:1080F000312E305C636F6D706F6E656E74735C6C87
:1081000069627261726965735C636C695C6E7266E8
:108110005F636C692E630000256300002573000017
:108120000A0000001B5B2564440000001B5B256403
:10813000430000001B5B2564410000001B5B2564BD
:10814000420000000A25732573000000546162207C
:1081500066756E6374696F6E3A20636F6D6D616EE4
:10816000647320636F756E746572206F76657266D6
:108170006C6F7765642E0A000A2573006E6F742099
:108180007465726D696E617465643A2025630A00D6
:10819000257325730A0000003A20636F6D6D616ED0
:1081A00064206E6F7420666F756E64002D68000029
:1081B0002D2D68656C700000506C656173652073CF
:1081C000706563696679206120737562636F6D6D98
:1081D000616E642E0A0000000A0A000025732573F0
:1081E000000000004F7074696F6E733A0A0000005F
:1081F0002020252D2A733A0053686F7720636F6D16
:108200006D616E642068656C702E000020202573FF
:108210002573257300000000537562636F6D6D61F7
:108220006E64733A0A00000025733A2077726F6E0D
:108230006720706172616D6574657220636F756E21
:10824000740A000025733A257325730A00000000A4
:1082500020756E6B6E6F776E20706172616D6574E4
:1082600065723A20000000006F6E00006F666600C5
:108270004563686F207374617475733A2025730ABF
:10828000000000005B2533645D2025730A000000B8
:108290004C6F7374206C6F67733A2025750A4D61BB
:1082A00078206C6F67207175657565207574696CD1
:1082B000697A6174696F6E3A2025752525205B25E2
:1082C000752F25755D0A00004E6F20726573706F03
:1082D0006E73652066726F6D2074686520746572B8
:1082E0006D696E616C2C20617373756D65642038E7
:1082F000307832342073637265656E2073697A65F5
:108300000A00000044697361626C6520636F6C6FE2
:108310007265642073796E7461782E00456E6162B7
:108320006C6520636F6C6F7265642073796E746125
:10833000782E000044697361626C6520434C4920CB
:108340006563686F2E204172726F777320616E646F
:1083500020627574746F6E733A204261636B737040
:108360006163652C2044656C6574652C20456E64E2
:108370002C20486F6D652C20496E736572742061E6
:108380007265206E6F742068616E646C65642E0087
:10839000456E61626C6520434C49206563686F2EB1
:1083A000000000007265736574000000526573651B
:1083B0007420434C492073746174697374696373E6
:1083C00020666F7220746865204C6F676765722045
:1083D0006D6F64756C652E0073686F770000000028
:1083E00047657420434C49207374617469737469E0
:1083F000637320666F7220746865204C6F676765D1
:1084000072206D6F64756C652E000000636F6C6F79
:1084100072730000546F67676C6520636F6C6F72D6
:1084200065642073796E7461782E00006563686FEF
:1084300000000000546F67676C6520434C4920655D
:1084400063686F2E00000000737461747300000095
:10845000434C4920737461746973746963732E00AB
:1084600064656661756C7400417373756D65203861
:10847000302063686172732073637265656E207764
:108480006964746820616E642073656E642074682A
:1084900069732073657474696E6720746F207468E3
:1084A00065207465726D696E616C2E00636C656128
:1084B00072000000436C6561722073637265656EC3
:1084C0002E000000636C690055736566756C2C2086
:1084D0006E6F7420556E69782D6C696B6520434C06
:1084E0004920636F6D6D616E64732E0068697374EB
:1084F0006F727900436F6D6D616E6420686973748B
:108500006F72792E00000000726573697A65000051
:10851000436F6E736F6C652067657473207465724A
:108520006D696E616C2073637265656E2073697A24
:1085300065206F7220617373756D6573203830200C
:10854000696E20636173652074686520726561647B
:108550006F7574206661696C732E204974206D7587
:108560007374206265206578656375746564206145
:10857000667465722065616368207465726D696EEA
:10858000616C207769647468206368616E67652038
:10859000746F20656E7375726520636F72726563A8
:1085A00074207465787420646973706C61792E002E
:1085B000202000006C820000048300000000000006
:1085C00069610000688200001C8300000000000058
:1085D000A961000000000000000000000000000091
:1085E0000000000000000000B48500006C82000064
:1085F000348300000000000009630000688200006E
:1086000090830000000000003F63000000000000B5
:10861000000000000000000000000000000000005A
:10862000EC850000A4830000AC8300000000000083
:1086300031650000D8830000E083000000000000E6
:10864000A96400000000000000000000000000001D
:108650000000000000000000248600000C840000E0
:1086600014840000E4850000E96100002C8400000F
:10867000348400001C8600008562000048840000ED
:108680005084000054860000456400000000000093
:1086900000000000000000000000000000000000DA
:1086A0005C86000060840000688400000000000018
:1086B00079650000000000000000000000000000DC
:1086C0000000000000000000A4860000AC84000050
:1086D000B48400000000000021600000C484000099
:1086E000C88400009C860000F1600000EC8400005B
:1086F000F48400000000000075630000088500009D
:1087000010850000C4860000F56500001B5B366E16
:108710000000000000000000000000000000000059
:108720000338FDD8704700001B5B6D002D682C20BE
:108730002D2D68656C7000002C200000202D20007D
:10874000020000001B5B48001B5B324A0000000077
:108750001B5B3F336C000000433A5C5573657273DA
:108760005C44696E6F5C4465736B746F705C4269E6
:108770006F44415120467573696F6E5C6E52463589
:108780005F53444B5F31372E312E305C6578746512
:10879000726E616C5C667072696E74665C6E726635
:1087A0005F667072696E74662E630000433A5C55B2
:1087B000736572735C44696E6F5C4465736B746F50
:1087C000705C42696F44415120467573696F6E5CFD
:1087D0006E5246355F53444B5F31372E312E305C3D
:1087E00065787465726E616C5C667072696E7466D1
:1087F0005C6E72665F667072696E74665F666F72D9
:108800006D61742E630000003031323334353637F9
:108810003839414243444546433A5C557365727367
:108820005C44696E6F5C4465736B746F705C426925
:108830006F44415120467573696F6E5C6E524635C8
:108840005F53444B5F31372E312E305C636F6D7058
:108850006F6E656E74735C6C696272617269657368
:108860005C6D656D6F626A5C6E72665F6D656D6F83
:10887000626A2E63000000004261642061726775C5
:108880006D656E7420636F756E7400004F7665724F
:10889000666C6F77000000004E6F206F7665726621
:1088A0006C6F770025730D0A092D20456C656D6589
:1088B0006E742073697A653A0925640D0A092D20C2
:1088C00055736167653A092575252520282575208A
:1088D0006F7574206F6620257520656C656D656EFB
:1088E0007473290D0A092D204D6178696D756D3AF3
:1088F000092575252520282575206F7574206F663C
:1089000020257520656C656D656E7473290D0A09E7
:108910002D204D6F64653A090925730D0A0D0A0073
:1089200073746174757300005072696E742073748F
:1089300061747573206F6620717565756520696E49
:108940007374616E6365732E000000007175657548
:1089500065000000436F6D6D616E647320666F7219
:108960002042414C4C4F43206D616E6167656D65DF
:108970006E740000433A5C55736572735C44696EB3
:108980006F5C4465736B746F705C42696F444151F6
:1089900020467573696F6E5C6E5246355F53444B6B
:1089A0005F31372E312E305C636F6D706F6E656E88
:1089B00074735C6C69627261726965735C71756510
:1089C00075655C6E72665F71756575652E63000016
:1089D000208900002889000000000000717100005B
:1089E0000000000000000000000000000000000087
:1089F00000000000D08900004C890000548900006C
:108A0000F08900007171000001000000433A5C55DC
:108A1000736572735C44696E6F5C4465736B746FED
:108A2000705C42696F44415120467573696F6E5C9A
:108A30006E5246355F53444B5F31372E312E305CDA
:108A4000636F6D706F6E656E74735C6C696272617A
:108A5000726965735C6578706572696D656E746165
:108A60006C5F7461736B5F6D616E616765725C747E
:108A700061736B5F6D616E616765722E63000000EC
:108A80003C4E554C4C3E00005461736B2025753AAA
:108A90000D0A0000094E616D653A09272573270DFF
:108AA0000A00000009537461636B3A09307825307D
:108AB00038582D3078253038582075736564206912
:108AC0006E202575252520282575206F7574206F4B
:108AD00066202575206279746573290D0A000000EF
:108AE00009537461636B3A093078253038582D305A
:108AF00078253038580D0A0052756E6E61626C65CB
:108B00000000000053757370656E646564000000BA
:108B100052756E6E696E67000953746174653A0927
:108B200025730D0A0000000009466C6167733A095D
:108B30003078253038580D0A0D0A0000696E666FCE
:108B4000000000007461736B7320696E666F000033
:108B50007461736B5F6D616E616765720000000028
:108B6000636F6D6D616E647320666F7220746173E4
:108B70006B206D616E616765720000003C8B0000C8
:108B8000448B00000000000005740000000000009D
:108B900000000000000000000000000000000000D5
:108BA0007C8B0000508B0000608B00009C8B0000D1
:108BB00000000000C08B0000F08C0000C48B00009F
:108BC0004300000039760000597600006576000009
:108BD00071760000917600009D7600000576000019
:108BE000D575000053756E004D6F6E0054756500AD
:108BF00057656400546875004672690053617400DB
:108C0000004A616E00466562004D617200417072FB
:108C1000004D6179004A756E004A756C00417567B8
:108C200000536570004F6374004E6F7600446563B7
:108C300000002E000053756E646179004D6F6E6404
:108C400061790054756573646179005765646E6578
:108C50007364617900546875727364617900467257
:108C60006964617900536174757264617900004AC6
:108C7000616E756172790046656272756172790024
:108C80004D6172636800417072696C004D617900DA
:108C90004A756E65004A756C790041756775737425
:108CA0000053657074656D626572004F63746F6226
:108CB0006572004E6F76656D62657200446563652E
:108CC0006D6265720000414D00504D0000256D2F12
:108CD00025642F25790025483A254D3A255300254E
:108CE000612025622025652025542025590000009B
:108CF000328C0000348C0000348C0000348C000076
:108D0000348C0000348C0000348C0000348C000063
:108D1000348C0000348C0000FFFFFFFFFFFFFFFFDB
:108D2000FFFFFFFFFFFF0000358C0000E48B000019
:108D30006F8C0000018C0000C68C0000CD8C000000
:108D4000D68C0000DF8C0000202020202020202056
:108D500020682828282820202020202020202020AB
:108D6000202020202020202048101010101010104B
:108D70001010101010101010848484848484848453
:108D80008484101010101010108181818181810164
:108D900001010101010101010101010101010101C3
:108DA0000101011010101010108282828282820252
:108DB0000202020202020202020202020202020293
:108DC00002020210101010200007032004170201F5
:058DD00008571040806F
:108DD8000090D003B48B0000B48B0000B48B00006B
:088DE800B48B0000B48B000005
=======
:100350000000042000000420B89E000030000020AF
:1003600048000020CC030000CC030000848800007B
:10037000B89E0000300000203000002004890000FA
:100380000489000004890000048900000489000039
:10039000048900000489000004890000B59E000063
:1003A000D09E0000480000204800002048000020A7
:1003B000341400203414002034140020341400209D
:0C03C0003434002041020000BF050000A2
:1003CC0000B585B00190019B002B0AD0074B43F080
:1003DC0001030393019B9B010293039B0298984793
:1003EC0000E000BF05B05DF804FB00BF40890000D1
:1003FC0000B583B00190019B1B68184600F09CF877
:10040C000346002B04D10B494FF4F67005F0F8FCB1
:10041C00019B1B681F2B02D84FF0A04306E0019BE9
:10042C001B6803F01F02019B1A60034B184603B0B4
:10043C005DF804FB048900000003005000B585B092
:10044C000190084611461A4603468DF803300B46B8
:10045C008DF8023013468DF8013001AB1846FFF7CA
:10046C00C7FF03909DF803209DF802305B001A43F0
:10047C009DF801309B001A439DF818301B0242EA8C
:10048C0003019DF81C301B04019A1943039B02F5D0
:10049C00E07243F8221000BF05B05DF804FB00B514
:1004AC0085B00390002301930023009300230122C5
:1004BC0001210398FFF7C2FF00BF05B05DF804FBF4
:1004CC0000B585B0019001AB1846FFF791FF039082
:1004DC00019B012202FA03F31946039800F018F865
:1004EC0000BF05B05DF804FB00B585B0019001AB11
:1004FC001846FFF77DFF0390019B012202FA03F3DC
:10050C001946039800F00EF800BF05B05DF804FB27
:10051C0082B001900091019B009AC3F8082500BF9E
:10052C0002B0704782B001900091019B009AC3F811
:10053C000C2500BF02B0704784B00190019B5B0991
:10054C00029300230393029B002B03D0029B012BED
:10055C0004D007E04FF0FF33039303E04FF6FF7333
:10056C00039300BF019B03F01F030193039A019BAC
:10057C0022FA03F303F00103002B14BF0123002321
:10058C00DBB2184604B0704700B583B00190019BF4
:10059C00002B0AD04FF47A70FFF712FF019B013B3E
:1005AC000193019B002BF5D100E000BF03B05DF877
:1005BC0004FB00B583B01920FFF771FF0920FFF78A
:1005CC006EFF2B20FFF76BFF1920FFF779FF092037
:1005DC00FFF776FF2B20FFF787FF00F061F9002370
:1005EC008DF8073000238DF8063000238DF8053088
:1005FC0000F02EFA03468DF807300120FFF7C4FFF8
:10060C0000F02DFA03468DF806300120FFF7BCFFF1
:10061C0000F02CFA03468DF805300120FFF7B4FFEB
:10062C004FF47A70FFF7B0FF00F027FA03468DF80D
:10063C00043000F029FA03468DF803309DF804309D
:10064C00002B03D19DF80330002B03D00120FFF7C2
:10065C009BFFFBE7FF21042000F0C8F9DC210520FB
:10066C0000F0C4F900F009FA03468DF802300120BD
:10067C00FFF78AFF00F008FA03468DF801300120DD
:10068C00FFF782FF9DF80230FF2B03D19DF801305C
:10069C00DC2B03D00120FFF777FFFBE700F0FCF920
:1006AC004FF47A70FFF770FFF8E7000000B585B0E3
:1006BC000190019B002B0AD0074B43F001030393DD
:1006CC00019B9B010293039B0298984700E000BF9B
:1006DC0005B05DF804FB00BFA089000000B583B035
:1006EC000190019B1B68184600F09CF80346002BF8
:1006FC0004D10B494FF4F67005F082FB019B1B688B
:10070C001F2B02D84FF0A04306E0019B1B6803F09F
:10071C001F02019B1A60034B184603B05DF804FBE3
:10072C00488900000003005000B585B001900846D0
:10073C0011461A4603468DF803300B468DF80230ED
:10074C0013468DF8013001AB1846FFF7C7FF039035
:10075C009DF803209DF802305B001A439DF8013090
:10076C009B001A439DF818301B0242EA03019DF8C6
:10077C001C301B04019A1943039B02F5E07243F8E9
:10078C00221000BF05B05DF804FB00B585B00390E6
:10079C0000230193002300930023012201210398DD
:1007AC00FFF7C2FF00BF05B05DF804FB00B585B0D4
:1007BC00019001AB1846FFF791FF0390019B0122BA
:1007CC0002FA03F31946039800F018F800BF05B0BD
:1007DC005DF804FB00B585B0019001AB1846FFF73E
:1007EC007DFF0390019B012202FA03F31946039843
:1007FC0000F00EF800BF05B05DF804FB82B001906C
:10080C000091019B009AC3F8082500BF02B0704705
:10081C0082B001900091019B009AC3F80C2500BF97
:10082C0002B0704784B00190019B5B0902930023D6
:10083C000393029B002B03D0029B012B04D007E0F7
:10084C004FF0FF33039303E04FF6FF73039300BFA6
:10085C00019B03F01F030193039A019B22FA03F3FC
:10086C0003F00103002B14BF01230023DBB2184655
:10087C0004B0704700B583B00190019B002B0AD0E7
:10088C004FF47A70FFF712FF019B013B0193019B20
:10089C00002BF5D100E000BF03B05DF804FB0000B5
:1008AC0010B584B0214B6C460FCB84E80F000423A9
:1008BC008DF800301B238DF801301A238DF802308F
:1008CC00FF238DF803304FF00073029301238DF852
:1008DC000C3000238DF80D3069460023002214489B
:1008EC0002F0D8F90320FFF750FF2C20FFF74DFF43
:1008FC002B20FFF74AFF2C20FFF76CFF0A20FFF795
:10090C00B9FF2C20FFF752FF6420FFF7B3FF2B2019
:10091C00FFF74CFF0A20FFF7ADFF112000F00AF89B
:10092C006420FFF7A7FF00BF04B010BD8089000052
:10093C009489000000B587B003468DF8073003207A
:10094C00FFF748FF0DF107030293012303930023E4
:10095C0004930023059302AB00221946064802F0CB
:10096C0069FB0320FFF722FF0120FFF783FF00BF85
:10097C0007B05DF804FB00BF9489000000B589B096
:10098C0003468DF807309DF8073043F02003DBB2A7
:10099C008DF81C3000238DF81D3000238DF81E308F
:1009AC00104B1B88ADF8183000238DF81A3003203B
:1009BC00FFF710FF07AB02930323039306AB0493DB
:1009CC000323059302AB00221946074802F032FBC1
:1009DC000320FFF7EBFE9DF81A30184609B05DF8BE
:1009EC0004FB00BF908900009489000000B589B019
:1009FC0003460A468DF8073013468DF806309DF8ED
:100A0C00073043F04003DBB28DF81C3000238DF827
:100A1C001D309DF806308DF81E300320FFF7DAFEEE
:100A2C0007AB03930323049300230593002306933E
:100A3C0003AB00221946054802F0FCFA0320FFF72D
:100A4C00B5FE00BF09B05DF804FB00BF948900003F
:100A5C0008B50020FFF792FF0346184608BD08B5FD
:100A6C000120FFF78BFF0346184608BD08B502208E
:100A7C00FFF784FF0346184608BD08B50420FFF7AE
:100A8C007DFF0346184608BD08B50520FFF776FF25
:100A9C000346184608BD000000B589B00023059335
:100AAC0006AB00221A609A800320FFF793FE05AB79
:100ABC0001930A230293002303930023049301ABB5
:100ACC0000221946044802F0B5FA0320FFF76EFE27
:100ADC0000BF09B05DF804FB94890000BFF34F8F91
:100AEC0000BF064BDB6803F4E0620449044B13437C
:100AFC00CB60BFF34F8F00BF00BFFDE700ED00E000
:100B0C000400FA0582B0164B1B680193154B1B6849
:100B1C000093019B082B1FD1009B052B1AD801A217
:100B2C0052F823F0490B00004D0B0000510B000054
:100B3C00550B0000590B00005D0B000001230CE06D
:100B4C0001230AE0012308E0012306E0012304E06D
:100B5C00012302E0012300E00023184602B0704795
:100B6C00300100103401001082B0164B1B68019349
:100B7C00154B1B680093019B082B1FD1009B052B69
:100B8C001AD801A252F823F0AD0B0000B10B0000F3
:100B9C00B50B0000B90B0000BD0B0000C10B000031
:100BAC0001230CE001230AE0012308E0012306E005
:100BBC00012304E0012302E0012300E00023184696
:100BCC0002B07047300100103401001082B0164B97
:100BDC001B680193154B1B680093019B082B1FD1BD
:100BEC00009B052B1AD801A252F823F0110C00001F
:100BFC00150C0000190C00001D0C0000210C00004D
:100C0C00250C000001230CE000230AE0002308E07F
:100C1C00002306E0002304E0002302E0002300E0B0
:100C2C000023184602B07047300100103401001048
:100C3C0082B0164B1B680193154B1B680093019BEC
:100C4C00082B1FD1009B052B1AD801A252F823F0B8
:100C5C00750C0000790C00007D0C0000810C00006C
:100C6C00850C0000890C000001230CE000230AE035
:100C7C00002308E0002306E0002304E0002302E048
:100C8C00002300E00023184602B07047300100102A
:100C9C003401001082B0164B1B680193154B1B6876
:100CAC000093019B082B1FD1009B052B1AD801A286
:100CBC0052F823F0D90C0000DD0C0000E10C000010
:100CCC00E50C0000E90C0000ED0C000001230CE029
:100CDC0000230AE0002308E0002306E0002304E0E0
:100CEC00002302E0002300E00023184602B0704706
:100CFC00300100103401001082B0164B1B680193B8
:100D0C00154B1B680093019B082B1FD1009B052BD7
:100D1C001AD801A252F823F03D0D0000410D00003D
:100D2C00450D0000490D00004D0D0000510D000057
:100D3C0001230CE000230AE0002308E0002306E076
:100D4C00002304E0002302E0002300E00023184607
:100D5C0002B07047300100103401001082B0164B05
:100D6C001B680193154B1B680093019B082B1FD12B
:100D7C00009B052B1AD801A252F823F0A10D0000FC
:100D8C00A50D0000A90D0000AD0D0000B10D000077
:100D9C00B50D000001230CE001230AE0012308E05B
:100DAC00012306E0012304E0012302E0012300E01B
:100DBC000023184602B070473001001034010010B7
:100DCC0082B0164B1B680193154B1B680093019B5B
:100DDC00082B1FD1009B052B1AD801A252F823F027
:100DEC00050E0000090E00000D0E0000110E000093
:100DFC00150E0000190E000000230CE000230AE081
:100E0C00002308E0002306E0012304E0012302E0B4
:100E1C00012300E00023184602B070473001001097
:100E2C003401001008B5FFF7CBFF0346002B07D0A9
:100E3C004FF010234FF08042D3F80832C2F85835E7
:100E4C0000BF08BD00BF044BD3F80034002BFAD010
:100E5C0000BF00BF704700BF00E0014000B583B089
:100E6C000190054A019BC2F80435FFF7EBFF00BF68
:100E7C0003B05DF804FB00BF00E00140024B034AE5
:100E8C001A6000BF704700BF300000200090D003F4
:100E9C0008B5FFF737FE0346002B0ED04FF080430A
:100EAC000022C3F80C214FF080430022C3F810211C
:100EBC004FF080430022C3F83825FFF755FE034658
:100ECC00002B76D04FF08053734AD3F80434C2F819
:100EDC0020354FF08053704AD3F80834C2F82435CB
:100EEC004FF080536C4AD3F80C34C2F828354FF0CD
:100EFC008053694AD3F81034C2F82C354FF0805324
:100F0C00654AD3F81434C2F830354FF08053624A36
:100F1C00D3F81834C2F834354FF080535E4AD3F806
:100F2C001C34C2F840354FF080535B4AD3F8203460
:100F3C00C2F844354FF08053574AD3F82434C2F8E2
:100F4C0048354FF08053544AD3F82834C2F84C3506
:100F5C004FF08053504AD3F82C34C2F850354FF030
:100F6C0080534D4AD3F83034C2F854354FF0805387
:100F7C00494AD3F83434C2F860354FF08053464AAE
:100F8C00D3F83834C2F864354FF08053424AD3F862
:100F9C003C34C2F868354FF080533F4AD3F84034A4
:100FAC00C2F86C354FF080533B4AD3F84434C2F846
:100FBC007035FFF70BFE0346002B02D0374B384A37
:100FCC001A60FFF735FE0346002B03D0354BFB228E
:100FDC00C3F81825FFF75EFE0346002B0AD0324BF0
:100FEC001B6823F00F02314B1B6803F00F032E49D3
:100FFC0013430B60FFF780FE0346002B03D02C4BF2
:10100C004FF400721A60FFF7A9FE0346002B0DD0B7
:10101C004FF08043D3F8003403F00103002B05D0CC
:10102C004FF080436FF00102C3F80024214BD3F83A
:10103C008830204A43F47003C2F88830BFF34F8FD6
:10104C0000BFBFF36F8F00BFFFF7ECFE4FF0102314
:10105C00D3F80032002B05DB4FF01023D3F8043209
:10106C00002B15DA0120FFF7F9FE4FF010231222A6
:10107C00C3F80022FFF7E6FE4FF010231222C3F84C
:10108C000422FFF7DFFE0020FFF7E8FEFFF726FD46
:10109C00FFF7F4FE00BF08BD00C000408C560040B6
:1010AC004881030000F00040E40E0040580200109C
:1010BC004096024000ED00E010B487B00190009122
:1010CC00019B009A53E8004F04EA020043E8000138
:1010DC0091F0000FF6D1059404900391059B1846EE
:1010EC0007B05DF8044B704782B001904FF080421E
:1010FC00019BC2F8083300BF02B0704784B00346AE
:10110C00ADF80630BDF8063003F1804300221A60BA
:10111C00BDF8063003F180431B680393039B00BFAB
:10112C0004B0704782B00346ADF80630BDF8063007
:10113C0003F180431B68002B14BF01230023DBB297
:10114C00184602B07047000008B54FF48070FFF7E6
:10115C00E9FF0346002B14D04FF48070FFF7CEFF4D
:10116C000120FFF7C1FF114B5B7983F00103DBB268
:10117C00002B06D00D4B01225A710C4B1B68002022
:10118C0098474FF48270FFF7CDFF0346002B0AD02F
:10119C004FF48270FFF7B2FF0220FFF7A5FF034B5D
:1011AC001B680120984700BF08BD00BF98000020B5
:1011BC0000B583B00346ADF80630BDF806301846CE
:1011CC0000F026F803461B68012B0CBF01230023FB
:1011DC00DBB2184603B05DF804FB00B585B00346DE
:1011EC00ADF80630BDF80630184600F011F803468D
:1011FC001A4600231360BDF80630184600F008F8B4
:10120C0003461B680393039B00BF05B05DF804FB0A
:10121C0082B00346ADF80630BDF8063003F18043CA
:10122C0003F5C043184602B07047000082B001902D
:10123C00034BD3F80423019B1340184602B07047AC
:10124C000060004082B00190054A019B03F5A27337
:10125C0052F823301B0A03F03F03184602B07047C4
:10126C000060004082B00190064A019B03F5A27316
:10127C0052F823301B0C03F00303DBB2184602B008
:10128C00704700BF0060004000B583B00190019B27
:10129C001B68184600F0AAF80346002B04D10B4932
:1012AC004FF4F67004F0ACFD019B1B681F2B02D8A9
:1012BC004FF0A04306E0019B1B6803F01F02019B4B
:1012CC001A60034B184603B05DF804FB4C8A00000F
:1012DC000003005000B585B001900B468DF803302B
:1012EC0001AB1846FFF7D0FF0390019A039B02F560
:1012FC00E07253F82230019A23F44031039B02F53B
:10130C00E07243F82210019A039B02F5E07253F845
:10131C0022309DF8032012041146019A1943039BB5
:10132C0002F5E07243F8221000BF05B05DF804FB33
:10133C0000B585B0019001AB1846FFF7A5FF0390EF
:10134C00019A039B02F5E07253F822301B0C03F058
:10135C000303DBB2184605B05DF804FB88B00390BC
:10136C0002910192164A05AB92E8030083E8030050
:10137C00039B079319E0079B9B0020336B4453F8A6
:10138C000C3CD3F82025019B1A60079B9B00203353
:10139C006B4453F80C3C019A1268C3F82025019B4E
:1013AC0004330193079B01330793039A029B134465
:1013BC00079A9A42DFD300BF00BF08B0704700BF46
:1013CC00848A000000B585B0019001AB1846FFF788
:1013DC005BFF0390019B012202FA03F31A46039B65
:1013EC00C3F8202500BF05B05DF804FB84B0019064
:1013FC00019B5B09029300230393029B002B03D0F8
:10140C00029B012B04D007E04FF0FF33039303E062
:10141C004FF6FF73039300BF019B03F01F0301936F
:10142C00039A019B22FA03F303F00103002B14BF70
:10143C0001230023DBB2184604B0704784B001903E
:10144C000091009B0393019BDB080293019B03F02B
:10145C00070301930122019B02FA03F30399029AF9
:10146C000A4412781340184604B0704782B00190B9
:10147C00044A019B1344303393F90030184602B0F0
:10148C00704700BFA000002082B00190034A019B6E
:10149C0052F82330184602B0704700BFA00000205D
:1014AC0084B00190074A019B1344603393F90030D8
:1014BC008DF80F309DF80F3023F0C003184604B0A0
:1014CC00704700BFA000002084B00190074A019B28
:1014DC001344603393F900308DF80F309DF80F30C2
:1014EC009B09DBB2184604B0704700BFA000002077
:1014FC0000B585B00190019A02210020FFF72EFF64
:10150C00002303930BE0039B9B00019A13441B687D
:10151C00002B01D0012306E0039B01330393039BB3
:10152C00012BF0D90023184605B05DF804FB000030
:10153C0000B587B00190002305935BE0344A059B0E
:10154C001344603393F90030B3F1FF3F4ED005984C
:10155C00FFF7A6FF049001990498FFF76FFF03466D
:10156C00002B44D00598FFF7AFFF03468DF80F30E2
:10157C000498FFF7DDFE03468DF80E309DF80E3013
:10158C00022B01D1032300E002238DF80D309DF8CE
:10159C000D3019460498FFF79DFE0498FFF712FFD3
:1015AC000498FFF763FF03461846FFF76DFF0290A0
:1015BC00029B002B1BD09DF80F30032B0FD09DF8F6
:1015CC000E30022B03D19DF80F30012B07D09DF864
:1015DC000E30032B0BD19DF80F30022B07D19DF849
:1015EC000F20029B11460498984700E000BF059B12
:1015FC0001330593059B032BA0D90198FFF778FFC6
:10160C000346002B97D100BF00BF07B05DF804FB69
:10161C00A000002000B58BB00023099301AB002281
:10162C001A605A604FF48073ADF81E300123069394
:10163C000023089321E0BDF81E301846FFF7B8FDD3
:10164C000346002B0ED00698FFF7F0FD0346002B47
:10165C0008D0BDF81E301846FFF7BFFD099A069B4F
:10166C0013430993069B5B000693BDF81E300433AD
:10167C00ADF81E30089B01330893089B072BDAD971
:10168C004FF4BE70FFF794FD0346002B0DD04FF4C2
:10169C00BE70FFF7A2FD099B43F00043099301AB19
:1016AC001A4602210020FFF759FE099BDBB2002BE2
:1016BC0029D0012306930023089321E0069A099B65
:1016CC001340002B16D00898FFF7BCFD0590089826
:1016DC00FFF7C8FD03468DF813300898FFF7D4FECA
:1016EC000390039B002B05D09DF81320039B114600
:1016FC0005989847069B5B000693089B013308935B
:10170C00089B072BDAD9099B002B03DA01AB18468F
:10171C00FFF70EFF00BF0BB05DF804FB84B0019027
:10172C000B46ADF80230BDF80230019A134400228A
:10173C001A60BDF80230019A13441B680393039B93
:10174C0000BF04B0704782B001900B46ADF8023078
:10175C00BDF80230019A13441B68002B14BF0123FF
:10176C000023DBB2184602B0704782B001900091A2
:10177C00019B009AC3F8082300BF02B0704782B0E7
:10178C000190019B0022C3F8002500BF02B07047F6
:10179C0000B583B04FF48A717648FFF7D4FF034647
:1017AC00002B1CD04FF48A717248FFF7B7FF724AB6
:1017BC00537943F0080353716F4B5B7903F00203C9
:1017CC00DBB2002B0BD06C4B5B7903F01003DBB25C
:1017DC00002B04D0684A537943F0200353714FF423
:1017EC0082716448FFF7AFFF0346002B1CD04FF407
:1017FC0082716048FFF792FF5F4A537943F004030C
:10180C0053715D4B5B7903F00103DBB2002B0BD002
:10181C00594B5B7903F01003DBB2002B04D0564A12
:10182C00537943F0200353714FF484715148FFF7FF
:10183C008AFF0346002B19D04FF484714D48FFF7F3
:10184C006DFF04214B48FFF790FF4A48FFF797FFC5
:10185C00494B1B68002149489847474B1B6800219E
:10186C0047489847444B01221A717EE0424B5B7902
:10187C0003F00203DBB2002B14D03F4B5B7903F077
:10188C000103DBB2002B0DD03B4B5B7903F008035B
:10189C00DBB2002B06D0384B5B7903F00403DBB2D0
:1018AC00002B21D1344B5B79C3F30003DBB283F003
:1018BC000103DBB2002B06D02F4B5B7903F008033E
:1018CC00DBB2002B10D12C4B5B79C3F34003DBB2A2
:1018DC0083F00103DBB2002B47D0274B5B7903F07D
:1018EC000403DBB2002B40D0234A53796FF3C303BC
:1018FC005371214A53796FF3820353711E4B5B79F9
:10190C0003F02003DBB2002B0FD01B4A53796FF38B
:10191C0045135371184A537943F010035371164B06
:10192C001B680121002098471FE0134A6B461032B8
:10193C0092E8030083E803000F4B0F4A1033083280
:10194C0092E8030083E803000B4B00229A600A4BD9
:10195C000022DA60084A537943F010035371064BA6
:10196C001B686A4601211046984700BF03B05DF81A
:10197C0004FB00BF005002400C0100201C010020A1
:10198C001401002082B00346ADF80630BDF80630D5
:10199C0003F1804303F5E8331B68002B14BF0123CC
:1019AC000023DBB2184602B0704784B00346ADF892
:1019BC000630BDF8063003F1804303F5E83300220E
:1019CC001A60BDF8063003F1804303F5E8331B6859
:1019DC000393039B00BF04B070470000024B00222E
:1019EC00C3F8002500BF704700D0014000B58FB090
:1019FC004FF48070FFF7C6FF0346002B68D04FF4FE
:101A0C008070FFF7D2FF6C4B9B7C8DF836306A4BA5
:101A1C009B7C03F00103002B0CBF01230023DBB2E2
:101A2C008DF835309DF83530634A9B0013445B6864
:101A3C00002B04D1604B5B7CDBB2022B2BD100233F
:101A4C008DF830305C4B0022DA745B4B5B7CDBB284
:101A5C00022B05D100230B93574B01225A7411E032
:101A6C009DF83630544A9B0013445B680B939DF8E9
:101A7C003630514A9B00134400225A604E4A9DF85E
:101A8C003530937401238DF828304B4B1B680AAA10
:101A9C001046984713E0484BDB7C002B0FD10023FA
:101AAC008DF81C300023089301238DF82430424B11
:101ABC000122DA74404B1B6807AA104698473E4B2C
:101ACC005B7CDBB2022B5DD13B4B01225A7459E09B
:101ADC004FF48270FFF756FF0346002B52D04FF4A1
:101AEC008270FFF762FFFFF779FF334B00225A74C5
:101AFC0000238DF8183000238DF810302E4B9B7C72
:101B0C002D4A9B0013445B68002B12D02A4B9B7C04
:101B1C00294A9B0013445B680593274B9B7C264A00
:101B2C009B00134400225A60234B1B6804AA1046E6
:101B3C009847214B9B7C03F00103002B0CBF012326
:101B4C000023DBB28DF837309DF837301A4A9B00F2
:101B5C0013445B68002B12D09DF83730164A9B005B
:101B6C0013445B6805939DF83730134A9B0013446C
:101B7C0000225A60104B1B6804AA104698470E4B63
:101B8C0000229A740C4B1B7DDBB2002B0FD001236F
:101B9C008DF804300023029300238DF80C30064B93
:101BAC0000221A75044B1B6801AA1046984700BF07
:101BBC000FB05DF804FB00BF2401002084B0034685
:101BCC00ADF80630BDF8063003F1804300221A60F0
:101BDC00BDF8063003F180431B680393039B00BFE1
:101BEC0004B0704782B00346ADF80630BDF806303D
:101BFC0003F180431B68002B14BF01230023DBB2CD
:101C0C00184602B0704700B585B00346ADF80630F3
:101C1C00BDF806301846FFF7E5FF03468DF80F3088
:101C2C009DF80F30002B04D0BDF806301846FFF796
:101C3C00C5FF9DF80F30184605B05DF804FB4FF05A
:101C4C008043D3F8043318467047000000B583B0C6
:101C5C00FFF7F5FF0190019B03F00403002B12D05A
:101C6C004FF48470FFF7CFFF0346002B0BD0464B8D
:101C7C001B68002B04D145494FF48B7004F0C0F85D
:101C8C00414B1B689847019B03F02003002B13D09A
:101C9C004FF48A70FFF7B7FF0346002B0CD03C4B78
:101CAC001B68002B04D1394940F21F1004F0A8F82E
:101CBC00374B1B6800209847019B03F04003002B17
:101CCC0013D04FF48C70FFF79EFF0346002B0CD003
:101CDC002F4B1B68002B04D12C494FF4937004F04C
:101CEC008FF82B4B1B6801209847019B03F0800356
:101CFC00002B13D04FF48E70FFF785FF0346002B9B
:101D0C000CD0244B1B68002B04D1204940F22F101F
:101D1C0004F076F81F4B1B6800209847019B03F4D6
:101D2C008073002B13D04FF49070FFF76CFF0346B9
:101D3C00002B0CD0174B1B68002B04D113494FF40C
:101D4C009B7004F05DF8134B1B6801209847019BB6
:101D5C0003F40073002B13D04FF49270FFF753FF72
:101D6C000346002B0CD00B4B1B68002B04D10749EE
:101D7C0040F23D1004F044F8064B1B6802209847D3
:101D8C0000BF03B05DF804FB3C010020608B000039
:101D9C00400100204401002008B5FFF757FFFFF772
:101DAC00D3F900BF08BD000008B5064B1B68002B1B
:101DBC0003D10549452004F023F8024B1B689847D2
:101DCC0008BD00BF48010020BC8B000008B5064BC5
:101DDC001B68002B03D10549482004F011F8024B75
:101DEC001B68984708BD00BF50010020BC8B000049
:101DFC0008B5064B1B68002B03D105494B2003F09B
:101E0C00FFFF024B1B68984708BD00BF580100201C
:101E1C00BC8B000008B5064B1B68002B03D1054991
:101E2C004E2003F0EDFF024B1B68984708BD00BF26
:101E3C0060010020BC8B000008B5064B1B68002B12
:101E4C0003D10549512003F0DBFF024B1B68984777
:101E5C0008BD00BF68010020BC8B000082B001905F
:101E6C00019B104A934201D10F4B18E0019BB3F137
:101E7C00402F01D10D4B12E0019B0D4A934201D131
:101E8C000C4B0CE0019B0C4A934201D10B4B06E02E
:101E9C00019B0B4A934201D10A4B00E000231846E8
:101EAC0002B0704700300040480100205001002073
:101EBC000030024058010020003001406001002039
:101ECC00002000406801002000B587B0019000910F
:101EDC00019B002B03D11849772003F091FF019847
:101EEC00FFF7BCFF0490049B002B1ED000238DF841
:101EFC001730002002F068FE049B1B79002B03D0E6
:101F0C0001238DF8173005E0049B009A1A60049B9E
:101F1C0001221A71002002F06BFE9DF81730002B85
:101F2C0003D011230393039B02E000230393039B31
:101F3C00184607B05DF804FBBC8B000084B0019020
:101F4C000B46ADF80230BDF80230019A1344002262
:101F5C001A60BDF80230019A13441B680393039B6B
:101F6C0000BF04B0704782B001900B46ADF8023050
:101F7C00BDF80230019A13441B68002B14BF0123D7
:101F8C000023DBB2184602B0704700B583B0019055
:101F9C0000914FF488710198FFF7E5FF0346002B81
:101FAC0012D04FF488710198FFF7C8FF009B5B7942
:101FBC0003F00403002B07D0009B1B68002B03D0FD
:101FCC00009B1B68012098474FF48A710198FFF71A
:101FDC00CAFF0346002B12D04FF48A710198FFF709
:101FEC00ADFF009B5B7903F00803002B07D0009B2F
:101FFC001B68002B03D0009B1B68022098474FF4F2
:10200C008E710198FFF7AFFF0346002B12D04FF4EF
:10201C008E710198FFF792FF009B5B7903F0100320
:10202C00002B07D1009B1B68002B03D0009B1B6867
:10203C00002098474FF482710198FFF794FF0346F4
:10204C00002B0FD04FF482710198FFF777FF009BA4
:10205C0001221A71009B1B68002B03D0009B1B688C
:10206C000320984700BF03B05DF804FB08B5034993
:10207C000348FFF78AFF00BF08BD00BF70010020B6
:10208C0000C0014008B503490348FFF77EFF00BFBD
:10209C0008BD00BF780100200010024008B50349BC
:1020AC000348FFF772FF00BF08BD00BF800100208E
:1020BC000020024008B503490348FFF766FF00BF44
:1020CC0008BD00BF8801002000D0024082B003464A
:1020DC008DF80730044BD3F804239DF807301340D8
:1020EC00184602B0704700BF0020014084B0034680
:1020FC00ADF80630BDF8063003F1804303F590339C
:10210C0000221A60BDF8063003F1804303F59033CA
:10211C001B680393039B00BF04B0704782B0034657
:10212C00ADF80630BDF8063003F1804303F590336B
:10213C001B68184602B07047024BD3F80C35184692
:10214C00704700BF00200140024BD3F818351846E9
:10215C00704700BF00200140024BD3F848351846A9
:10216C00704700BF0020014000B583B04FF4807071
:10217C00FFF7D4FF0346002B19D00120FFF7A6FF71
:10218C000346002B13D04FF48070FFF7AFFF4FF4D2
:10219C008073ADF80030FFF7CFFF03465BB28DF8CC
:1021AC000230264B1B686A4692E8030098474FF4AE
:1021BC008270FFF7B3FF0346002B1FD00220FFF7FE
:1021CC0085FF0346002B19D04FF48270FFF78EFF6A
:1021DC004FF48273ADF80030FFF7B6FF03461BB225
:1021EC00ADF80230FFF7B8FF03469BB2ADF80430F0
:1021FC00124B1B686A4692E8030098474FF48470B0
:10220C00FFF78CFF0346002B13D00420FFF75EFF73
:10221C000346002B0DD04FF48470FFF767FF4FF48B
:10222C008473ADF80030054B1B686A4692E80300D6
:10223C00984700BF03B05DF804FB00BF900100207D
:10224C0082B001900B46ADF80230BDF80230019A15
:10225C00134400221A6000BF02B0704782B0019094
:10226C000B46ADF80230BDF80230019A13441B68DE
:10227C00002B14BF01230023DBB2184602B07047B9
:10228C0008B54FF480710B48FFF7E8FF0346002BAD
:10229C000ED0094B00225A714FF480710548FFF79C
:1022AC00CFFF054B1B68044A9268114600209847E3
:1022BC0000BF08BD009002409401002084B003468A
:1022CC00ADF80630BDF8063003F1804303F55043FA
:1022DC0000221A60BDF8063003F1804303F5504329
:1022EC001B680393039B00BF04B07047024BD3F8E9
:1022FC000835DBB21846704700D0004000B583B0FB
:10230C004FF48070FFF7DAFFFFF7F0FF03468DF80C
:10231C000730054B1B689DF807201046984700BFF7
:10232C0003B05DF804FB00BFA001002082B0019057
:10233C000091019B009AC3F8082300BF02B07047BC
:10234C0082B001900091019BD3F80423009B1340B1
:10235C00184602B0704782B001900B46ADF80230BF
:10236C00BDF80230019A13441B68184602B070473E
:10237C0084B001900B46ADF80230BDF80230019AE2
:10238C00134400221A60BDF80230019A13441B68F2
:10239C000393039B00BF04B0704782B0019000917F
:1023AC00019B009AC3F8482300BF02B0704700009D
:1023BC0000B589B00390029101924FF480330693DB
:1023CC004FF4A073ADF816300023079330E0069954
:1023DC000398FFF7B5FF0346002B1ED0BDF816304F
:1023EC0019460398FFF7B7FF0346002B15D0069943
:1023FC000398FFF7D2FF06990398FFF797FFBDF8F4
:10240C00163019460398FFF7B3FF2D4A029B52F87A
:10241C002330079AD2B210469847069B5B0006936E
:10242C00BDF816300433ADF81630079B0133079313
:10243C00079A019B9A42CAD34FF48073ADF81630B9
:10244C0001210398FFF77CFF0346002B14D0BDF845
:10245C00163019460398FFF77EFF0346002B0BD06E
:10246C00BDF8163019460398FFF782FF144A029BF9
:10247C0052F82330042098474FF48273ADF816308D
:10248C0002210398FFF75CFF0346002B14D0BDF824
:10249C00163019460398FFF75EFF0346002B0BD04E
:1024AC00BDF8163019460398FFF762FF044A029BE9
:1024BC0052F823300520984700BF09B05DF804FBA3
:1024CC00A401002008B5032200210248FFF770FF89
:1024DC0000BF08BD00B0004008B50422012102482D
:1024EC00FFF766FF00BF08BD0040024082B0034604
:1024FC008DF807309DF8073003F1804303F5E04376
:10250C0001221A6000BF02B0704782B00346ADF8DA
:10251C000630BDF8063003F1804303F5E0431B6839
:10252C00002B14BF01230023DBB2184602B0704706
:10253C0084B00346ADF80630BDF8063003F1804395
:10254C0003F5E04300221A60BDF8063003F1804326
:10255C0003F5E0431B680393039B00BF04B0704773
:10256C0082B001900091054A019BC2F82C36034AB7
:10257C00009BC2F8303600BF02B0704700700040BC
:10258C0000B58FB04FF48270FFF7BFFF0346002BEE
:10259C0046D04FF48270FFF7CBFF904B93F82E3060
:1025AC0083F00103DBB2002B04D18C4B93F82F305A
:1025BC00002B35D000238DF81C30884B5B680893BA
:1025CC00864B1B899BB2ADF82430844BDB68002B07
:1025DC0003D1824B00221A7419E0804B1A8B7F4B6B
:1025EC005A837E4BDB687D4A53607C4B1A8B7B4B4A
:1025FC001A817A4B0022DA60784B93F82E3083F0F4
:10260C000103DBB2002B02D00020FFF76FFF734BEE
:10261C001B6807AA10469847704B002283F82F209E
:10262C006E4B93F82E30002B62D04FF48070FFF776
:10263C006CFF0346002B5BD04FF48070FFF778FFE4
:10264C00664B5A8B654B93F82D309BB29A421CD932
:10265C00624B5A8B614B93F82D309BB2D31A9AB2C2
:10266C005E4B5A835D4B5A685C4B1B899BB2194677
:10267C005A4B5B8BCB1A5B001344584A92F82D20B3
:10268C0011461846FFF76CFF2BE0544B5A8B534BFB
:10269C0093F82D309BB29A4214D1504BDB68002B2F
:1026AC0010D04E4B012283F82F204C4B00225A8322
:1026BC004A4BDB68494A92F82D2011461846FFF721
:1026CC004FFF0EE0454B5A8B444B93F82D309BB289
:1026DC009A4206D1414B012283F82F203F4B002216
:1026EC005A834FF48270FFF723FF0420FFF7FEFE9E
:1026FC004FF48870FFF709FF0346002B0ED04FF400
:10270C008870FFF715FF354B00221A7402238DF8E1
:10271C001030324B1B6804AA104698474FF48A704D
:10272C00FFF7F3FE0346002B07D04FF48A70FFF738
:10273C00FFFE2A4B00221A744CE0284B5B690D9368
:10274C0045E00D9B0A930A9B002B01D1202303E04B
:10275C000A9BB3FA83F3DBB20C934FF000420C9B51
:10276C0022FA03F3DB430D9A13400D930C9B9BB29F
:10277C0046339BB29B00ADF82E30BDF82E30184678
:10278C00FFF7C3FE0346002B21D0BDF82E301846B0
:10279C00FFF7CEFE01238DF80430BDF82E30A3F5E3
:1027AC008C73DB08DBB28DF80830BDF82E30A3F546
:1027BC008C7303F00403002B0CBF01230023DBB24A
:1027CC008DF80930054B1B6801AA104698470D9BE4
:1027DC00002BB6D100BF0FB05DF804FBAC0100209C
:1027EC0082B003468DF807309DF90730002B0CDBC7
:1027FC009DF8073003F01F0205499DF907305B096E
:10280C00012000FA02F241F8232000BF02B0704709
:10281C0000E100E082B0034600918DF807309DF98D
:10282C000730002B0ADB009BDAB20C499DF907300C
:10283C005201D2B20B4483F800230BE0009BDAB2B6
:10284C0007499DF8073003F00F03043B5201D2B245
:10285C000B441A7600BF02B0704700BF00E100E0E5
:10286C0000ED00E082B00190019B03F06043B3F1F6
:10287C00005F0CBF01230023DBB2184602B0704787
:10288C0082B00190019B1B0B5BB2184602B07047E3
:10289C0000B583B003460A468DF8073013468DF811
:1028AC0006309DF80630072B03D908496B2003F03E
:1028BC00A7FA9DF806209DF9073011461846FFF738
:1028CC00A9FF00BF03B05DF804FB00BF188C00002B
:1028DC0000B583B003468DF807309DF907301846D4
:1028EC00FFF77EFF00BF03B05DF804FB82B00190E0
:1028FC000B468DF803309DF80330019A13440122E6
:10290C001A6000BF02B0704784B001900B46ADF85E
:10291C000230BDF80230019A134400221A60BDF84F
:10292C000230019A13441B680393039B00BF04B04D
:10293C00704782B001900B46ADF80230BDF8023002
:10294C00019A13441B68002B14BF01230023DBB234
:10295C00184602B0704782B001900091019B009A1A
:10296C00C3F8042300BF02B0704782B001900091FD
:10297C00019B009AC3F8082300BF02B0704782B0D5
:10298C000190019B0722C3F8002500BF02B07047DD
:10299C0084B00390029101920093039B029AC3F8B6
:1029AC000825039B019AC3F80C25039B009AC3F8D6
:1029BC00102500BF04B0704782B001900091009ABE
:1029CC00019BC3F8242500BF02B0704784B003906C
:1029DC0002910192029A039BC3F84425039B019A2E
:1029EC00C3F8482500BF04B0704784B0039002912F
:1029FC000192029A039BC3F83425039B019AC3F8F6
:102A0C00382500BF04B0704784B001900B468DF898
:102A1C00033013468DF802309DF80230002B14BFA2
:102A2C0001230023DBB203939DF80330032B10D05A
:102A3C00032B13DC012B02D0022B05D00EE0039BE1
:102A4C0043F0020303930AE0039B43F00403039354
:102A5C0005E0039B43F00603039300E000BF019BDA
:102A6C00039AC3F8542500BF04B0704782B001909C
:102A7C000B468DF803309DF80320019BC3F8C0254D
:102A8C0000BF02B0704782B00190019B0122C3F8D5
:102A9C00502500BF02B0704782B00190019B00220C
:102AAC00C3F8502500BF02B0704782B00190019B63
:102ABC000122C3F8402500BF02B0704782B00190DC
:102ACC00019B0022C3F8402500BF02B070470000F4
:102ADC0000B583B00190019B1B68184600F0B1F85B
:102AEC000346002B04D10B494FF4F67003F088F920
:102AFC00019B1B681F2B02D84FF0A04306E0019BE3
:102B0C001B6803F01F02019B1A60034B184603B0AD
:102B1C005DF804FB548C00000003005000B585B038
:102B2C000190084611461A4603468DF803300B46B1
:102B3C008DF8023013468DF8013001AB1846FFF7C3
:102B4C00C7FF03909DF803209DF802305B001A43E9
:102B5C009DF801309B001A439DF818301B0242EA85
:102B6C0003019DF81C301B04019A1943039B02F5C9
:102B7C00E07243F8221000BF05B05DF804FB00B50D
:102B8C0085B00390002301930023009300230122BE
:102B9C0001210398FFF7C2FF00BF05B05DF804FBED
:102BAC0000B585B003900B468DF80B309DF80B30BB
:102BBC000022019200220092002200210398FFF7CC
:102BCC00ADFF00BF05B05DF804FB00B585B001900A
:102BDC0001AB1846FFF77CFF0390019B012202FA20
:102BEC0003F31946039800F018F800BF05B05DF820
:102BFC0004FB00B585B0019001AB1846FFF768FFE8
:102C0C000390019B012202FA03F31946039800F08A
:102C1C000EF800BF05B05DF804FB82B00190009186
:102C2C00019B009AC3F8082500BF02B0704782B020
:102C3C0001900091019B009AC3F80C2500BF02B0D3
:102C4C00704784B00190019B5B09029300230393AE
:102C5C00029B002B03D0029B012B04D007E04FF00A
:102C6C00FF33039303E04FF6FF73039300BF019B05
:102C7C0003F01F030193039A019B22FA03F303F061
:102C8C000103002B14BF01230023DBB2184604B050
:102C9C007047000000B58DB005900491039202932B
:102CAC00049B002B03D16C49AD2003F0A9F8059BC4
:102CBC001B791A461346DB0013449B00674A1344E6
:102CCC000993099B1B7F002B03D008230793079BB9
:102CDC00BDE0059B1B680893059B1A68059B1B7937
:102CEC0019465F4B53F8213019461046FFF7ECF8A4
:102CFC000346002B03D011230793079BA7E0099BE6
:102D0C00039A1A60099B029A5A60049B1B7B012B45
:102D1C0005D8049B1B781846FFF76BFF04E0049B57
:102D2C001B781846FFF751FF049B1B7818460023AD
:102D3C00019300230093002300220121FFF7EEFEF4
:102D4C00049B5B78FF2B09D0049B5B780B930B984F
:102D5C00FFF74FFF0B98FFF712FF02E04FF0FF3326
:102D6C000B93049B9B78FF2B07D0049B9B780A93B7
:102D7C0001210A98FFF714FF02E04FF0FF330A938A
:102D8C00049B9A78099B83F82020049BDA78099B92
:102D9C00DA77049BDB78FF2B17D0049B1B79002B75
:102DAC0005D0049BDB781846FFF723FF04E0049B57
:102DBC00DB781846FFF709FF049BDB781846FFF712
:102DCC00DEFE049B1A79099B9A77049B1B781946A3
:102DDC000A9B0B9A0898FFF7DBFD049B9B6819462E
:102DEC000898FFF7E9FD049B197B049B5B7B1A4653
:102DFC000898FFF709FE049B9B7919460898FFF782
:102E0C0035FE0898FFF7BBFD099B1B68002B15D0FE
:102E1C00059B1B681846FFF733FD03461A46049BB7
:102E2C005B7919461046FFF733FD059B1B68184666
:102E3C00FFF726FD03461846FFF74AFD099B0022C3
:102E4C005A77099B01221A7700230793079B184690
:102E5C000DB05DF804FB00BF8C8C0000DC01002081
:102E6C00E88C000000B583B00190019BDB7FFF2B49
:102E7C000ED0019B9B7F002B05D0019BDB7F18465E
:102E8C00FFF7B7FE04E0019BDB7F1846FFF79DFEC2
:102E9C00019B00225A77019B00221A72019B1B682E
:102EAC00019A02F10800019A52681146984700BF36
:102EBC0003B05DF804FB00B583B001900B468DF8B0
:102ECC0003309DF8033083F00103DBB2002B04D0F8
:102EDC0040210198FFF749FD03E040210198FFF7DD
:102EEC003AFD00BF03B05DF804FB00B583B0019060
:102EFC000091009B03F00103002B03D00198FFF716
:102F0C00C2FD02E00198FFF7C7FD009B03F002032E
:102F1C00002B03D00198FFF7C8FD02E00198FFF7E2
:102F2C00CDFD00BF03B05DF804FB00B587B0039086
:102F3C00029101920093019B1B68002B0AD0019B0C
:102F4C001B681846FFF78EFC034683F00103DBB2C7
:102F5C00002B0ED1019B9B68002B11D0019B9B6811
:102F6C001846FFF77FFC034683F00103DBB2002B0E
:102F7C0006D0029B00225A7710230593059B54E040
:102F8C00019B1968019B5B681A460398FFF71EFDAD
:102F9C00019B9968019BDB681A460398FFF725FD96
:102FAC004FF48C710398FFF7AFFC00990398FFF76F
:102FBC009CFF009B03F00803002B03D11021039806
:102FCC00FFF794FC029B1B68002B1FD100BF4FF432
:102FDC008C710398FFF7ADFC034683F00103DBB261
:102FEC00002BF4D1029BDB7FFF2B1BD0029B9B7F22
:102FFC00002B05D0029BDB7F1846FFF7FAFD11E092
:10300C00029BDB7F1846FFF7E0FD0BE0009B03F013
:10301C000403002B0CBF01230023DBB219460398D9
:10302C00FFF749FF00230593059B184607B05DF891
:10303C0004FB000010B586B0039002910192039B33
:10304C001B791A461346DB0013449B004F4A13446A
:10305C000593059B1B7F002B04D14D4940F22D207D
:10306C0002F0CEFE029B1B68002B08D1029B5B6812
:10307C00002B04D0464940F22E2002F0C1FE029BE8
:10308C009B68002B08D1029BDB68002B04D04049C5
:10309C0040F22F2002F0B4FE039B1B79002B09D1C8
:1030AC00029BDB68B3F5803F04D2029B5B68B3F5EF
:1030BC00803F2ED3039B1B79012B09D1029BDB682C
:1030CC00B3F5803F04D2029B5B68B3F5803F20D3FD
:1030DC00039B1B79022B09D1029BDB68B3F5803F64
:1030EC0004D2029B5B68B3F5803F12D3039B1B7920
:1030FC00032B09D1029BDB68B3F5803F04D2029B02
:10310C005B68B3F5803F04D321494FF40C7002F097
:10311C0077FE00230493059B5B7FDBB2002B03D06F
:10312C0011230493049B2EE0059B1B68002B07D0F6
:10313C00019B03F01403002B02D1059B01225A774B
:10314C00059B029A03F10C0413460FCB84E80F0085
:10315C00059BDB7FFF2B0ED0059B9B7F002B05D0A7
:10316C00059BDB7F1846FFF730FD04E0059BDB7FFA
:10317C001846FFF73EFD039B1868019B029A0599C0
:10318C00FFF7D3FE0346184606B010BDDC01002045
:10319C008C8C000000B583B0019000914FF48C71C1
:1031AC000198FFF7C6FB0346002B10D04FF48C712F
:1031BC000198FFF7A9FB009B1B68002B04D1064963
:1031CC0040F2972002F01CFE0098FFF74BFE00BF68
:1031DC0003B05DF804FB00BF8C8C000008B50349FC
:1031EC000348FFF7D7FF00BF08BD00BFDC0100207C
:1031FC000030004008B503494FF04020FFF7CAFFEC
:10320C0000BF08BD0002002008B503490348FFF7C2
:10321C00C1FF00BF08BD00BF2402002000300240E7
:10322C0008B503490348FFF7B5FF00BF08BD00BF51
:10323C004802002000F0024000B585B003468DF82E
:10324C0007309DF80730052B04D91B4940F2691053
:10325C0002F0D6FD9DF80730184A52F8233003933C
:10326C00039B002B04D1144940F26B1002F0C8FDF3
:10327C009DF80730124A32F81330ADF80A309DF839
:10328C0007300F4A32F813301AB2BDF90A30DB435B
:10329C001BB213401AB29DF8073091B2084A22F8BB
:1032AC001310BDF80A109DF80720039B1046984791
:1032BC0000BF05B05DF804FB348D000078020020DF
:1032CC006C02002008B50020FFF7B6FF00BF08BD58
:1032DC0008B50120FFF7B0FF00BF08BD08B50220FC
:1032EC00FFF7AAFF00BF08BD08B50320FFF7A4FF36
:1032FC0000BF08BD08B50420FFF79EFF00BF08BD46
:10330C0008B50520FFF798FF00BF08BD84B00190F9
:10331C000B46ADF80230BDF80230019A134400227E
:10332C001A60BDF80230019A13441B680393039B87
:10333C0000BF04B0704782B001900B46ADF802306C
:10334C00BDF80230019A13441B68002B14BF0123F3
:10335C000023DBB2184602B0704782B00190009196
:10336C00019BD3F80423009B1340002B14BF0123B3
:10337C000023DBB2184602B0704782B00190019B6B
:10338C009B0003F5A0739BB2184602B0704782B045
:10339C0001904FF48032019B02FA03F3184602B0FD
:1033AC00704700B587B00390029113468DF8073033
:1033BC0000238DF8173030E09DF817301846FFF7D2
:1033CC00DCFF0346ADF814309DF817301846FFF7B4
:1033DC00DEFF0490BDF8143019460398FFF7ABFFDD
:1033EC000346002B14D004990398FFF7B6FF03464D
:1033FC00002B0DD0BDF8143019460398FFF786FF4B
:10340C00029B1B68029A5168BDF81420104698471D
:10341C009DF8173001338DF817309DF817209DF863
:10342C0007309A42C8D300BF00BF07B05DF804FB59
:10343C0008B5042202490348FFF7B3FF00BF08BDDB
:10344C00900200200080004008B504220249034885
:10345C00FFF7A7FF00BF08BD9C02002000900040B2
:10346C0008B5042202490348FFF79BFF00BF08BDC3
:10347C00A802002000A0004008B50622024903481B
:10348C00FFF78FFF00BF08BDB402002000A0014071
:10349C0008B5062202490348FFF783FF00BF08BDA9
:1034AC00C002002000B0014082B00190019B9A0044
:1034BC00024B1B681344184602B07047E88E00009C
:1034CC0082B00190019B03F1804303F51C33184635
:1034DC0002B0704782B00190019B03F1804303F569
:1034EC001C33184602B0704700B583B003468DF804
:1034FC0007309DF807301846FFF7E2FF034601221C
:10350C001A60BFF36F8F00BFBFF34F8F00BF00BFB8
:10351C0003B05DF804FB00B583B00346ADF806308C
:10352C00BDF806301846FFF7CBFF034600221A60A1
:10353C00BFF36F8F00BFBFF34F8F00BF00BF03B04F
:10354C005DF804FB00B583B00346ADF80630BDF85A
:10355C0006301846FFF7BEFF03461B68002B14BF4E
:10356C0001230023DBB2184603B05DF804FB00B561
:10357C0085B00346ADF80630BDF806301846FFF7A7
:10358C00E1FF03468DF80F309DF80F30002B04D06F
:10359C00BDF806301846FFF7BEFF9DF80F301846F1
:1035AC0005B05DF804FB0000024BD3F80433184659
:1035BC00704700BF00700240024BD3F8003418462D
:1035CC00704700BF0070024082B00190064A019B18
:1035DC00C2F80034BFF36F8F00BFBFF34F8F00BF33
:1035EC0000BF02B0704700BF0070024000B583B04E
:1035FC00FFF7E2FF01900198FFF7E6FFBFF36F8F33
:10360C0000BFBFF34F8F00BF019B184603B05DF89E
:10361C0004FB0000024BD3F86C341846704700BF13
:10362C000070024082B00190064A019BC2F86C34D3
:10363C00BFF36F8F00BFBFF34F8F00BF00BF02B04F
:10364C00704700BF0070024000B583B0FFF7E2FF87
:10365C0001900198FFF7E6FF019B184603B05DF857
:10366C0004FB0000024BD3F88034DBB218467047E1
:10367C000070024000B585B003468DF807309DF907
:10368C000730002B05DA9DF8073003F00F03082BE9
:10369C000EDD9DF90730002B05DB9DF8073003F09C
:1036AC000F03082B04DD1C4940F25F4002F0A8FB1D
:1036BC009DF90730002B04DA17494FF48C6002F0A7
:1036CC009FFB9DF8073003F00803002B0CD0134B25
:1036DC00D3F8C0340393039B03F48033002B01D045
:1036EC0000230393039B13E09DF8073003F00803BA
:1036FC00002B04D0084940F26B4002F081FB074AD2
:10370C009DF8073003F00F0303F5947352F8233040
:10371C00184605B05DF804FBC88D0000007002402F
:10372C0000B585B003468DF807309DF90730002BA6
:10373C0005DA9DF8073003F00F03082B0EDD9DF919
:10374C000730002B05DB9DF8073003F00F03082B27
:10375C0004DD184940F2714002F052FB9DF907302C
:10376C00002B04DA134940F2724002F049FB9DF839
:10377C00073003F00803002B04D10E4940F27340CC
:10378C0002F03EFB0C4BD3F8C0340393039B002B8D
:10379C0003D14FF0FF33039306E0039B03F4803314
:1037AC00002B01D000230393039B184605B05DF852
:1037BC0004FB00BFC88D00000070024000B583B050
:1037CC0003468DF807309DF90730002B05DB9DF87B
:1037DC00073003F00803002B04D00C4940F283405F
:1037EC0002F00EFB0A4A9DF8073003F00F0303F5B5
:1037FC009473002142F82310BFF36F8F00BFBFF307
:10380C004F8F00BF00BF03B05DF804FBC88D0000F4
:10381C000070024082B003468DF80730034A9DF8D1
:10382C000730C2F8083500BF02B070470070024084
:10383C00024BD3F820351846704700BF0070024089
:10384C00044BD3F82C35002B14BF01230023DBB21F
:10385C00184670470070024000B587B003460291CD
:10386C0001928DF80F309DF90F30002B36DA9DF850
:10387C000F3003F00803002B08D0354A029BC2F826
:10388C00A036334A019BC2F8A4365DE09DF80F3098
:10389C0003F00F038DF816309DF81630072B04D962
:1038AC002C4940F2345002F0ABFA29499DF816200D
:1038BC0013469B0013449B000B4403F5C063029A10
:1038CC001A6023499DF8162013469B0013449B0055
:1038DC000B4403F20463019A1A6035E09DF80F3033
:1038EC0003F00803002B08D0194A029BC2F8A0373A
:1038FC00174A019BC2F8A43726E09DF80F3003F05D
:10390C000F038DF817309DF81730072B04D9114988
:10391C0040F2435002F074FA0D499DF817201346FB
:10392C009B0013449B000B4403F5E063029A1A605E
:10393C0007499DF8172013469B0013449B000B442A
:10394C0003F20473019A1A6000BF07B05DF804FB20
:10395C0000700240C88D000082B0164B1B680193AA
:10396C00154B1B680093019B082B1FD1009B052B4B
:10397C001AD801A252F823F09D390000A139000099
:10398C00A5390000A9390000AD390000B13900009B
:10399C0001230CE001230AE0012308E0012306E0E7
:1039AC00012304E0012302E0012300E00023184678
:1039BC0002B07047300100103401001008B5FFF759
:1039CC00CBFF0346184608BD00B583B003468DF8FF
:1039DC0007309DF90730002B05DA9DF8073003F00E
:1039EC000F03082B0EDD9DF90730002B05DB9DF82E
:1039FC00073003F00F03082B04DD0B494FF4B970AB
:103A0C0002F0FEF99DF90730002B01DA074A00E0BD
:103A1C00074A9DF8073003F00F035B0013441B8823
:103A2C00184603B05DF804FB008E0000C08E000049
:103A3C00D48E000000B583B003468DF807309DF995
:103A4C000730002B05DA9DF8073003F00F03082B25
:103A5C000EDD9DF90730002B05DB9DF8073003F0D8
:103A6C000F03082B04DD054940F2852002F0C8F94C
:103A7C009DF80730184603B05DF804FB008E00007B
:103A8C0000B583B003468DF807309DF90730002B45
:103A9C0005DA9DF8073003F00F03082B0EDD9DF9B6
:103AAC000730002B05DB9DF8073003F00F03082BC4
:103ABC0004DD0C4940F2922002F0A2F99DF9073086
:103ACC00002B01DA042200E028229DF8073003F0D5
:103ADC000F03DBB29B00DBB21344DBB2184603B01E
:103AEC005DF804FB008E000000B583B003468DF832
:103AFC0007309DF90730002B05DA9DF8073003F0ED
:103B0C000F03082B0EDD9DF90730002B05DB9DF80C
:103B1C00073003F00F03082B04DD0B4940F2A22001
:103B2C0002F06EF99DF90730002B01DA074A00E02C
:103B3C00074A9DF8073003F00F031B011344184686
:103B4C0003B05DF804FB00BF008E00007003002082
:103B5C00E002002000B583B003468DF807309DF9D4
:103B6C000730002B05DA9DF8073003F00F03082B04
:103B7C000EDD9DF90730002B05DB9DF8073003F0B7
:103B8C000F03082B04DD0B4940F2B52002F038F985
:103B9C009DF90730002B01DA002200E010229DF87D
:103BAC00073003F00F03DBB21344DBB2184603B04B
:103BBC005DF804FB008E000082B003468DF80730E0
:103BCC009DF807300F2B04D99DF80730103BDBB262
:103BDC0004E09DF8073063F07F03DBB2184602B0B7
:103BEC007047000008B5FFF7E9FE0346002B02D032
:103BFC00034B82221A60034B01221A7000BF08BDCE
:103C0C001C7C0240DC02002008B5FFF7D7FE0346FF
:103C1C00002B02D0034B00221A60034B00221A70B7
:103C2C0000BF08BD1C7C0240DC02002000B583B044
:103C3C0003468DF807309DF807301846FFF720FF34
:103C4C0003461846FFF750FC00BF03B05DF804FBB9
:103C5C0010B586B003468DF80730002000F0B4FF95
:103C6C009DF807301846FFF73FFF05909DF9073088
:103C7C00002B39DB614B1B68DC439DF80730184681
:103C8C00FFF768FF03461A46012393402340002B9D
:103C9C0005D09DF80730184600F08EFE20E0059BFD
:103CAC0000221A609DF807301846FFF753FF0346B1
:103CBC001A4601239340DA43504B1B6813404F4A7A
:103CCC0013609DF807301846FFF744FF03461A4669
:103CDC0001239340DA434A4B1B681340484A136054
:103CEC00059B03229A7383E09DF8073003F00803C9
:103CFC00002B37D19DF80730802B1CD09DF8073056
:103D0C0003F00F0303F2DA333E4A5B0013603E4BC1
:103D1C001B688DF812309DF8123043F002038DF8B9
:103D2C001230394B1A689DF81230374913430B6027
:103D3C00354B1B6816E0334B40F2B4721A60324BB1
:103D4C001B688DF813309DF8133043F004038DF885
:103D5C0013302D4B1A689DF813302B4913430B600D
:103D6C00294B1B68264B1B68DA43244B1B6842EA21
:103D7C0003049DF807301846FFF7ECFE03461A467D
:103D8C00012393402340002B32D09DF80730184676
:103D9C00FFF7E0FE03461A4601239340DA43174B24
:103DAC001B681340154A13609DF807301846FFF73F
:103DBC00D1FE03461A46012303FA02F2104B1B688C
:103DCC0013430F4A1360059B00221A60059B0322C4
:103DDC009A7306238DF80C309DF807308DF80E3051
:103DEC0003238DF80F30094B1B6803AA1046984724
:103DFC00002000F0FDFE00BF06B010BDD802002070
:103E0C00D40200200078024004780240CC0200204A
:103E1C0000B583B0094B00221A70094B00221A70AE
:103E2C000023019301238DF80430064B1B6801AA73
:103E3C001046984700BF03B05DF804FBD002002089
:103E4C00D1020020CC02002000BF704700B583B027
:103E5C0080238DF80730FFF7D7FE9DF80730184602
:103E6C00FFF742FE0090009B9B7B032B0ED19DF82D
:103E7C0007301846FFF76EFE03461A46012393409F
:103E8C00DB4319460C48FDF717F911E0009B1B6842
:103E9C00002B0DD19DF807301846FFF75BFE03464B
:103EAC001A4601239340DB4319460348FDF704F9F6
:103EBC0000BF03B05DF804FBD802002000B585B04C
:103ECC0003468DF807309DF90730002B04DB26499B
:103EDC0040F2B63001F094FF9DF8073003F0080370
:103EEC00002B04D0204940F2B73001F089FF9DF837
:103EFC00073003F00F03002B04DC1B494FF46E70EA
:103F0C0001F07EFFFFF780FE9DF807301846FFF7A3
:103F1C00EBFD0390039B9B7B032B0ED19DF807308D
:103F2C001846FFF717FE03461A4601239340DB435E
:103F3C0019460E48FDF7C0F811E0039B1B68002BD7
:103F4C000DD19DF807301846FFF704FE03461A46BC
:103F5C0001239340DB4319460448FDF7ADF800BF3D
:103F6C0005B05DF804FB00BF008E0000D8020020F5
:103F7C0000B585B003468DF807309DF90730002B4E
:103F8C0004DB28494FF4757001F03AFF9DF80730B7
:103F9C0003F00803002B04D1224940F2D53001F084
:103FAC002FFFFFF731FE9DF807301846FFF79CFDF9
:103FBC000390039B9B7B032B0ED19DF80730184677
:103FCC00FFF7C8FD03461A4601239340DB4319460D
:103FDC001548FDF771F820E0039B1B68002B1CD1E2
:103FEC009DF807301846FFF7B5FD03461A46012326
:103FFC009340DB4319460C48FDF75EF806238DF819
:10400C0008309DF807308DF80A3000238DF80B30FE
:10401C00064B1B6802AA1046984700BF05B05DF816
:10402C0004FB00BF008E0000D8020020CC02002050
:10403C0000B585B000238DF80F30FFF7E5FD9DF836
:10404C000F301846FFF750FD0290029B9B7B032B11
:10405C000ED19DF80F301846FFF77CFD03461A462B
:10406C0001239340DB4319461548FDF725F823E05F
:10407C00029B1B68002B1DD19DF80F301846FFF7D3
:10408C0069FD03461A4601239340DB4319460C484D
:10409C00FDF712F806238DF804309DF80F308DF8DB
:1040AC00063000238DF80730064B1B6801AA10461A
:1040BC00984701E000F079FC00BF05B05DF804FB07
:1040CC00D8020020CC02002000B585B003468DF844
:1040DC0007309DF90730002B04DA2E4940F21440CA
:1040EC0001F08EFE9DF8073003F00803002B04D07E
:1040FC00284940F2154001F083FE9DF8073003F08B
:10410C000F03002B04DC234940F2164001F078FE2B
:10411C00FFF77AFD9DF807301846FFF7E5FC039092
:10412C00039B9B7B032B0ED19DF807301846FFF7A2
:10413C0011FD03461A4601239340DB4319461648EA
:10414C00FCF7BAFF20E0039B1B68002B1CD19DF8E9
:10415C0007301846FFF7FEFC03461A46012393402E
:10416C00DB4319460C48FCF7A7FF06238DF80830F3
:10417C009DF807308DF80A3000238DF80B30074B73
:10418C001B6802AA1046984700F080FA00BF05B0E1
:10419C005DF804FB008E0000D8020020CC02002049
:1041AC0000B585B003468DF807309DF8073003F055
:1041BC000803002B04D11B4940F23A4001F020FEC9
:1041CC00FFF722FD9DF807301846FFF78DFC039092
:1041DC00039B9B7B032B20D0039B1B68002B1CD1C8
:1041EC009DF807301846FFF7B5FC03461A46012325
:1041FC009340DB4319460C48FCF75EFF06238DF811
:10420C0008309DF807308DF80A3000238DF80B30FC
:10421C00064B1B6802AA1046984700BF05B05DF814
:10422C0004FB00BF008E0000D8020020CC0200204E
:10423C0008B5FFF70BFE00BF08BD08B58120FFF7DE
:10424C003DFE00BF08BD08B58220FFF737FE00BF5A
:10425C0008BD08B58320FFF731FE00BF08BD08B5C7
:10426C008420FFF72BFE00BF08BD08B58520FFF7A3
:10427C0025FE00BF08BD08B58620FFF71FFE00BF56
:10428C0008BD08B58720FFF719FE00BF08BD08B5AB
:10429C008820FFF76DFE00BF08BD08B5FFF7C8FE0C
:1042AC0000BF08BD08B50120FFF70EFF00BF08BD19
:1042BC0008B50220FFF708FF00BF08BD08B50320B2
:1042CC00FFF702FF00BF08BD08B50420FFF7FCFE96
:1042DC0000BF08BD08B50520FFF7F6FE00BF08BDFE
:1042EC0008B50620FFF7F0FE00BF08BD08B5072093
:1042FC00FFF7EAFE00BF08BD08B50820FFF750FF26
:10430C0000BF08BD00B583B000238DF80030FFF767
:10431C008FFA03469BB2ADF802308820FFF71AFCE7
:10432C0003461A460123934001930820FFF7F8F93E
:10433C000346B3F1FF3F09D00820FFF70BFC0346FF
:10434C001A4601239340019A13430193074B1A68B1
:10435C00019B1343054A1360054B1B686A461046C4
:10436C00984700BF03B05DF804FB00BFD4020020E7
:10437C00CC02002000B585B003460A468DF8073004
:10438C0013468DF806309DF8063001229A402B4BCF
:10439C001B681343294A13609DF90730002B30DA50
:1043AC009DF807301846FFF70FFB03461846FFF73A
:1043BC00DEF80346002B0BD09DF80730802B05D080
:1043CC009DF807301846FFF779FD01E0FFF73EFD39
:1043DC009DF8063001229A40194B1B681340002BA4
:1043EC0027D106238DF80C309DF807308DF80E3050
:1043FC0000238DF80F30134B1B6803AA1046984707
:10440C0017E09DF8063001229A400D4B1B681340B3
:10441C00002B0ED106238DF808309DF807308DF84F
:10442C000A3001238DF80B30064B1B6802AA10468C
:10443C00984700BF05B05DF804FB00BFD402002014
:10444C00D8020020CC02002010B5074B1C78064B7C
:10445C001B781846FFF77EFB034619462046FFF7EC
:10446C0089FF00BF10BD00BFD102002010B582B083
:10447C00FFF7F8F803468DF80730284B1B68DB4331
:10448C009AB2274B1B6842EA0304264B1B7818464A
:10449C00FFF760FB03461A46012393402340002B91
:1044AC0004D0204B1B781846FFF7D2FB9DF9073040
:1044BC00002B01DB002200E080221A4B1A70002036
:1044CC00FFF748FB03461A46012303FA02F4802047
:1044DC00FFF740FB03461A46012393402343DB437B
:1044EC0019460F48FCF7E8FD8020FFF733FB034625
:1044FC001A46012303FA02F2084B1B681343074ABE
:10450C0013600023009305238DF80030064B1B68C5
:10451C006A461046984700BF02B010BDD402002076
:10452C00D8020020D1020020CC02002000B585B0BA
:10453C00FFF75CF80390039B03F48073002B0CD003
:10454C00264B01221A700023029302238DF80830A7
:10455C00234B1B6802AA10469847039B03F4007375
:10456C00002B0CD01D4B00221A7000230193032347
:10457C008DF804301A4B1B6801AA10469847039B10
:10458C0003F48063002B24D0144B1B78DBB2002B7C
:10459C001FD0FFF755F9034683F00103DBB2002B64
:1045AC0004D1104940F2F54001F02AFC0B4B0022DB
:1045BC001A700120FFF72EF95820FEF795FF002303
:1045CC00009304238DF80030054B1B686A46104697
:1045DC00984700BF05B05DF804FB00BFD002002077
:1045EC00CC020020008E000000B587B0FFF72CF83D
:1045FC0005902BE0059B0293029B93FAA3F3019386
:10460C00019B0393039B002B01D1202303E0039B0D
:10461C00B3FA83F3DBB28DF813309DF813301846E0
:10462C00FFF7CAFA03468DF812309DF813300122B9
:10463C0002FA03F3DB43059A134005939DF813200C
:10464C009DF8123011461846FFF794FE059B002B7F
:10465C00D0D100F01BF800BF07B05DF804FB86B0AA
:10466C000190019B0493049B93FAA3F30393039B84
:10467C000593059B002B01D1202303E0059BB3FA86
:10468C0083F3DBB2184606B07047000010B58AB051
:10469C00764B1B7883F00103DBB2002B00F0E28039
:1046AC00D4E0089B03F00123002B09D0089B03F0F6
:1046BC0001231846FFF7D3FF03468DF8273005E09A
:1046CC000898FFF7CCFF03468DF827309DF827306C
:1046DC001846FFF771FA03468DF81F309DF81F300E
:1046EC001846FFF701FA0690069B1B68002B04D1B5
:1046FC005F4940F2615001F083FB9DF91F30002BA4
:10470C0015DA069B1B68069A5168069A928902A8CC
:10471C00984703468DF813309DF8133083F001034E
:10472C00DBB2002B57D0069B00221A6053E09DF899
:10473C001F30184600F026F90590069B1C68069B56
:10474C005968069B9B891A4602A8059BA0470346FD
:10475C008DF81330029B002B08D1039B002B30D01B
:10476C00434940F27D5001F04BFB2AE0039B059A34
:10477C009A421DD9069B02229A739DF8273001227A
:10478C0002FA03F3DB4319463A48FCF795FC06237F
:10479C008DF804309DF81F308DF8063002238DF80B
:1047AC000730354B1B6801AA1046984700BF4DE0F7
:1047BC00039B059A9A4204D02D4940F28C5001F08B
:1047CC001FFB9DF8133083F00103DBB2002B02D0EA
:1047DC00069B00221A60FFF705FA9DF8273001228C
:1047EC0002FA03F3DA43254B1B681340234A136088
:1047FC00069B9A68039B1A44069B9A600299039A3B
:10480C009DF81F301846FFF727F89DF81F30184603
:10481C00FFF70CFA00BF9DF81F301846FFF7D4F8CD
:10482C0003461846FEF78EFE034683F00103DBB207
:10483C00002B16D04FF48070FEF784FE034683F0F5
:10484C000103DBB2002BE6D100BF0BE0094B1A6869
:10485C000A4B1B6813400893089B002B7FF421AF75
:10486C0000E000BF00BF0AB010BD00BFDC0200209A
:10487C00008E0000D8020020CC020020D4020020C0
:10488C0000B58BB0FEF790FE0790079B09930023B1
:10489C00089330E0099B0493049B93FAA3F30393CE
:1048AC00039B0593059B002B01D1202303E0059B63
:1048BC00B3FA83F3DBB28DF819309DF81930184632
:1048CC00FEF7F2FD03469BB21846FEF750FE034678
:1048DC00002B07D09DF81930012202FA03F3089A35
:1048EC00134308939DF81930012202FA03F3DB43BA
:1048FC00099A13400993099B002BCBD1089B03F415
:10490C000003002B14BF012300238DF81B30089BE0
:10491C0023F40003089321E0089B0193019B93FA75
:10492C00A3F30093009B0293029B002B01D1202345
:10493C0003E0029BB3FA83F3DBB28DF81A309DF8D7
:10494C001A300E4A52F8233098479DF81A3001223B
:10495C0002FA03F3DB43089A13400893089B002BDD
:10496C00DAD1FFF793FE9DF81B30002B01D0044BDE
:10497C00984700BF0BB05DF804FB00BF5C8E0000D5
:10498C007944000000B583B003468DF807309DF8DC
:10499C0007301846FFF74EF803461846FEF76AFE36
:1049AC000346184603B05DF804FB08B54C20FEF72F
:1049BC009BFD00BF08BD000000B583B003468DF819
:1049CC0007309DF90730002B04DA144940F6DF005C
:1049DC0001F016FA002000F0F7F89DF807301846A1
:1049EC00FFF7B8F803461A4601239340DA430C4B01
:1049FC001B6813400A4A13609DF8073003F0080344
:104A0C00002B04D19DF807301846FEF7D7FE002086
:104A1C0000F0EEF800BF03B05DF804FB008E000060
:104A2C00D402002084B00346ADF80630BDF8063041
:104A3C0003F1804303F5803300221A60BDF8063081
:104A4C0003F1804303F580331B680393039B00BF82
:104A5C0004B0704782B00346ADF80630BDF806309E
:104A6C0003F1804303F580331B68002B14BF012333
:104A7C000023DBB2184602B07047000008B54FF4B3
:104A8C008070FFF7E7FF0346002B06D0044B1B6832
:104A9C0098474FF48070FFF7C5FF00BF08BD00BFFB
:104AAC000004002086B003900291019201238DF83E
:104ABC0017309DF81730204A039B13601E4A029B47
:104ACC0053601D4A019B9360039B44F20102934285
:104ADC0012D0039B44F20202934220D1019B164A4E
:104AEC00D360154BDB681B68134A9361124BDB6870
:104AFC005B68114AD36112E0019B0F4A13610E4BA4
:104B0C001B699B680C4A53610B4B1B691B680A4A57
:104B1C009361094B1B695B68074AD36100BF72B68E
:104B2C0000BF00BF9DF81730DBB2002BFAD162B684
:104B3C0000BF00BF06B070470404002000B587B06A
:104B4C0003900291019272B600BF039B44F20102E2
:104B5C00934207D0039B44F20202934205D1019B7E
:104B6C00059303E0019B049300E000BF074B1B6817
:104B7C0003F00103002B00D000BE019A02990398A8
:104B8C00FFF790FF00BF07B05DF804FBF0ED00E00D
:104B9C0072B600BF034B1B680133024A136000BF9F
:104BAC00704700BF24040020064B1B68013B054ADC
:104BBC001360044B1B68002B01D162B600BF00BF11
:104BCC00704700BF2404002000B583B0019000F0B2
:104BDC0025F80346012B03D00449432001F010F9BA
:104BEC00FFF7D6FF00BF03B05DF804FBEC8E0000AE
:104BFC0000B583B003468DF8073000F00FF803467C
:104C0C00012B03D00449512001F0FAF8FFF7CCFF37
:104C1C0000BF03B05DF804FBEC8E000084B0EFF332
:104C2C0005830193019BC3F308030393039B002BA0
:104C3C000DD1EFF314830093009B0293029B03F0BE
:104C4C000103002B0CBF01230023DBB200E0012386
:104C5C00184604B07047000008B5044B1B68044AA2
:104C6C0012681046984700BF08BD00BF28040020FA
:104C7C002C04002082B00190019B03F00303002B55
:104C8C000CBF01230023DBB2184602B070470000B2
:104C9C0000B585B00190002303930EE00B4A039BF3
:104CAC0052F82330002B05D0084A039B52F82330CE
:104CBC0001989847039B01330393039B032BEDD976
:104CCC0000BF00BF05B05DF804FB00BF400400202E
:104CDC0082B001900091019B1B78013B052B61D8A0
:104CEC0001A252F823F000BF0D4D0000154D00003D
:104CFC003B4D00006D4D00008D4D0000A94D000096
:104D0C00009B00221A704EE0009B01221A70019B3E
:104D1C001A89009B9A81019B9A88009BDA81019BDE
:104D2C00DA68009B9A60009B00221A743BE0009B9F
:104D3C0002221A70019B1A89009B9A81019B9A8806
:104D4C00009BDA81019BDA68009B9A60019B9B7D3A
:104D5C00062B0CBF01230023DAB2009B1A7422E04D
:104D6C00009B03221A70019BDA88009B9A81019B9D
:104D7C001A89009BDA81019BDA68009B9A6012E029
:104D8C00009B04221A70019BDA88009B9A81009B7D
:104D9C000022DA81009B00229A6004E0009B05222D
:104DAC001A7000E000BF00BF02B0704784B00190E1
:104DBC000091019B0393039A009B9A4206D2039B9A
:104DCC001B68B3F1FF3F01D0012300E0002303F087
:104DDC000103DBB2184604B0704782B00190019B0E
:104DEC005B8803339B00019A1344184602B070474A
:104DFC0000B583B0019000910198FFF7EEFF0246D9
:104E0C00009B934201D2022311E0019B9B884FF639
:104E1C00FF72934208D0019B1B88002B04D0019B8E
:104E2C009B68B3F1FF3F01D1012300E0002318463A
:104E3C0003B05DF804FB000000B583B00190019B4A
:104E4C00002B13D00D4BDB681A46019B93420DD3FC
:104E5C000A4B1B691A46019B934207D80198FFF72E
:104E6C0009FF0346002B01D0012300E0002303F0CF
:104E7C000103DBB2184603B05DF804FB0000002010
:104E8C0084B00190009148F2096303930023ADF8BC
:104E9C000A3027E0BDF80A20164913469B0013443C
:104EAC009B000B4404331B68009A9A4215D9BDF839
:104EBC000A20104913469B0013449B000B440433F7
:104ECC001B6803F58053009A9A4206D20023039381
:104EDC00019BBDF80A201A8008E0BDF80A300133A6
:104EEC00ADF80A30BDF80A30012BD3D9039B184614
:104EFC0004B070476004002082B001900091009BC8
:104F0C009B7D022B09D9019B1A89009BDB881344DA
:104F1C009BB203339AB2019B1A81019B5A89009B65
:104F2C00DB88D31A9BB2033B9AB2019B5A8100BF18
:104F3C0002B0704700B583B0074B1B6819460023BD
:104F4C0000930823054A064802F09EFF03461846C4
:104F5C0003B05DF804FB00BF88040020A48F0000A0
:104F6C000000002000B585B0039003990023009346
:104F7C000823044A044802F087FF0346184605B08C
:104F8C005DF804FBAC8F00000000002000B585B07C
:104F9C0003460091ADF80630BDF8062024491346AF
:104FAC009B0013449B000B4404331B6803F5805394
:104FBC000293009B1B680393039B002B04D0039864
:104FCC00FFF70BFF039026E0BDF8062018491346A7
:104FDC009B0013449B000B4404331B68083303935E
:104FEC0019E002990398FFF703FF0346022B10D038
:104FFC00022B10DC002B02D0012B05D00BE0009B08
:10500C00039A1A6001230EE00398FFF7E6FE039063
:10501C0001E0002307E002990398FFF7C7FE03465F
:10502C00002BDED10023184605B05DF804FB00BF51
:10503C006004002000B585B001900091019B5B6875
:10504C001846FFF7F9FE0346002B19D0019B1A896D
:10505C00244B1B899A4213D1019B1A68019B5B68F4
:10506C009B689A420CD1019B5B6819460098FFF72C
:10507C0007FF0346002B0CBF01230023DBB22CE0FF
:10508C00009B00221A8023E00023029310E0029B75
:10509C000393039B9A68019B1B689A4208D1029A5E
:1050AC00019B5A600F4B1A89019B1A81012314E052
:1050BC00009B1B8802AA11461846FFF767FF0346A0
:1050CC00002BE4D1009B1B8801339AB2009B1A8001
:1050DC00009B1B88012BD7D90023184605B05DF81F
:1050EC0004FB00BF9004002000B587B00390029130
:1050FC0001920093324B1B78DBB283F00103DBB2DD
:10510C00002B02D048F2016355E0019B002B02D02A
:10511C00009B002B49D148F204634CE0009B9B8818
:10512C001946284A0B469B000B449B0013441B78E2
:10513C00002B33D124E0009B1B680593039B002BB1
:10514C0006D0059B9A88039B1B889A4200D017E0D7
:10515C00029B002B06D0059B1A88029B1B889A4247
:10516C0000D00DE0059B9A68019B1A60009B1A68A1
:10517C00019B5A60144B1A89019B1A8100231AE077
:10518C00009B9B88009A11461846FFF7FFFE0346CA
:10519C00002BD0D1009B00221A6000E000BF009BC6
:1051AC009B8801339AB2009B9A80009B9B88012BB1
:1051BC00B4D948F20963184607B05DF804FB00BF88
:1051CC0034040020600400209004002000B583B05B
:1051DC000190054B0199184600F063FE03461846F2
:1051EC0003B05DF804FB00BF5004002000B583B091
:1051FC000190044B0199184600F06CFE00BF03B0FF
:10520C005DF804FB5004002008B50A4B1B68002B0A
:10521C0004D109494FF4247000F0F2FD0121054836
:10522C0000F06CFE0346002B14BF01230023DBB2FD
:10523C00184608BD3C040020508F000000B587B014
:10524C0003900291039B02229A750299039B1A1DEB
:10525C00002300930423074802F016FE0590059BDB
:10526C00002B01D1002301E048F20D63184607B072
:10527C005DF804FB0000002000B587B0039002919C
:10528C00039B1B69002B01D0032200E00122039B2E
:10529C009A75029B08331946039B03F10C020023F9
:1052AC0000930423074802F0EFFD0590059B002BAB
:1052BC0001D1002301E048F20D63184607B05DF8F8
:1052CC0004FB00BF0000002000B587B003900291E2
:1052DC00039B1B78032B01D1052200E00622039BC4
:1052EC009A75029B04331946039B03F108020023B1
:1052FC0000930423074802F0C7FD0590059B002B83
:10530C0001D1002301E048F20D63184607B05DF8A7
:10531C0004FB00BF0000002000B587B003900B46D3
:10532C00ADF80A3003990023009304230D4A0E486C
:10533C0002F0AAFD0590059B002B02D048F20D63EC
:10534C000BE0BDF80A20094913469B0013449B004F
:10535C000B44103301221A700023184607B05DF875
:10536C0004FB00BFB48F000000000020600400208C
:10537C0000B589B0019002AB00221A605A609A60A5
:10538C00019BDB6802930DF1160202AB1146184625
:10539C00FFF750FE0346002B12D0039B0693069B8F
:1053AC009A88019BDA80069B1A88019B1A81039BC1
:1053BC00BDF8162011461846FFF7AEFF079002E025
:1053CC0048F209630793079B184609B05DF804FB84
:1053DC0000B587B00190019B981D02AA0D4B0021CE
:1053EC00FFF782FE0590059B002B08D1039B094A11
:1053FC00928811461846FFF78FFF059004E00822AB
:10540C000021044803F0FEF9059B184607B05DF82F
:10541C0004FB00BFA004002000B587B003900291EC
:10542C00039B01229A75029B0C331846039B1A6945
:10543C00039BDB889B00002100910146074802F08A
:10544C0023FD0590059B002B01D1002301E048F2C0
:10545C000D63184607B05DF804FB00BF0000002088
:10546C0082B0184B1B8901339AB2164B1A81154B1B
:10547C0000225A80134B00221A730023ADF8063019
:10548C0018E0BDF80620104913469B0013449B00FE
:10549C000B441A78BDF80630002A0CBF01220022FA
:1054AC00D1B2084A13440A469A72BDF80630013349
:1054BC00ADF80630BDF80630012BE2D900BF00BFB5
:1054CC0002B07047900400206004002084B001906A
:1054DC0000238DF80F300023ADF80C3031E0BDF80F
:1054EC000C301C4A13449B7A002B25D0BDF80C3091
:1054FC00184A134400229A72BDF80C201649134620
:10550C009B0013449B000B440C331B68002B13D1E2
:10551C00BDF80C20104913469B0013449B000B4410
:10552C0010331B78002B07D0019BBDF80C201A8080
:10553C0001238DF80F3008E0BDF80C300133ADF8C5
:10554C000C30BDF80C30012BC9D99DF80F30184622
:10555C0004B07047900400206004002008B5084B8C
:10556C0005221A70074B02229A80064B1B681946BB
:10557C0000230122044802F0D8FC0346184608BD5B
:10558C0090040020880400200000002000B583B0A7
:10559C00164B5B88ADF80230BDF802201449134657
:1055AC009B0013449B000B440C331B68002B14D141
:1055BC000E4B04221A70BDF802200D4913469B00B5
:1055CC0013449B000B4404331B681946002301222F
:1055DC00084802F0AAFC019002E0FFF7BFFF01901F
:1055EC00019B184603B05DF804FB00BF900400203B
:1055FC00600400200000002000B587B0104B5B68F1
:10560C000593104B1A680F4B9B889B001344049313
:10561C00059B5B880333ADF80E30094B03221A70DF
:10562C000499074B5A68BDF80E309B00002000907F
:10563C00054802F029FC0346184607B05DF804FB48
:10564C0090040020880400200000002000B583B0E6
:10565C000A4B5B880A491846FFF798FC0346002B57
:10566C0003D0FFF7C9FF019002E0FFF78FFF019015
:10567C00019B184603B05DF804FB00BF90040020AA
:10568C009404002008B50A4B06221A70084B5B885C
:10569C001946084A0B469B000B449B0013440433E9
:1056AC001B681846FFF75EFC0346184608BD00BF92
:1056BC00900400206004002008B5054B07221A70E6
:1056CC00034B00225A60FFF735FC0346184608BD11
:1056DC009004002008B50D48FFF7F8FE034683F050
:1056EC000103DBB2002B0BD0094B00221A70084BC4
:1056FC0000225A80064B00225A6041F61D5302E0EC
:10570C00FFF7A4FF0346184608BD00BF9204002013
:10571C009004002082B0094B5B680193019B5B886D
:10572C000333ADF80230064B9A88BDF802301344AF
:10573C009AB2034B9A8000BF02B0704790040020CD
:10574C008804002082B01E4B1B6801931D4B5B88A4
:10575C0019461D4A0B469B000B449B001344043313
:10576C001B68174A1360174B5B881946164A0B4681
:10577C009B000B449B0013440433019A1A60114B99
:10578C005B8819460E4B98880F4A0B469B000B44BE
:10579C009B001344083302461A80094B02229A805C
:1057AC00084B5B881946084A0B469B000B449B0030
:1057BC001344103300221A7000BF02B0704700BFB0
:1057CC0088040020900400206004002008B51A4BC7
:1057DC001B78072B2CD801A252F823F00958000093
:1057EC003D5800003D58000015580000215800009D
:1057FC002D5800002D58000035580000FFF730FEE2
:10580C000D4B01221A7014E0FFF784FF0A4B0222A1
:10581C001A700EE0FFF796FF074B06221A7008E08D
:10582C00054B07221A7004E0034B01221A7000E0AA
:10583C0000BF00BF08BD00BF9004002000B587B0BA
:10584C000190009148F20E630593019B002B05D04B
:10585C00624B00225A604FF40643BAE0009B1B795E
:10586C00032B00F2A98001A252F823F08958000002
:10587C00975800002559000045590000009B012253
:10588C001A71FFF757FB059099E000238DF8133040
:10589C000023ADF810302BE0BDF810205049134612
:1058AC009B0013449B000B441B78022B1BD1BDF8AF
:1058BC0010204B4913469B0013449B000B440022C1
:1058CC001A7001238DF81330BDF81020444913468B
:1058DC009B0013449B000B4404331B681846FFF7D2
:1058EC0041FB059008E0BDF810300133ADF81030E5
:1058FC00BDF81030012BCFD99DF8133083F0010384
:10590C00DBB2002B5AD0354B01221A70334B0022DC
:10591C005A6041F61D535CE0009B00221A71314B1A
:10592C0002229A802F4B1B681946002301222E4815
:10593C0002F0FBFA059042E0009B00221A712B4BFF
:10594C005B88ADF80E30274B1B680293BDF80E2018
:10595C00234913469B0013449B000B4404331B68E0
:10596C00204A1360BDF80E201D4913469B001344BA
:10597C009B000B440433029A1A60BDF80E20194B9D
:10598C009888174913469B0013449B000B4408331B
:10599C0002461A80134B02229A80BDF80E20104941
:1059AC0013469B0013449B000B4400221A70029870
:1059BC00FFF7D8FA059002E000BF00E000BF059B9E
:1059CC00002B05D0054B00225A6048F20D6300E015
:1059DC000023184607B05DF804FB00BF3404002018
:1059EC0060040020880400200000002090040020A7
:1059FC0000B587B001900091009B9B8A1A46134614
:105A0C009B0013449B003B4A13440493019B002BC3
:105A1C0006D000990498FFF76FFA4FF4064364E040
:105A2C00049B5A68049B1B899B0013440393009BA3
:105A3C009B7D062B4DD801A252F823F08D5A000005
:105A4C00B15A0000995A0000A55A0000655A00008E
:105A5C00BD5A0000D75A0000274B00225A60009B09
:105A6C009B69254A136025492348FFF7E3FA03464F
:105A7C0083F00103DBB2002B02D048F2096334E05F
:105A8C0003990098FFF7DAFB059026E0039900983C
:105A9C00FFF7F2FB059020E003990098FFF7BCFCA0
:105AAC0005901AE003990098FFF70EFC059014E09E
:105ABC00009B06229A75104B5B68104A128811469F
:105ACC001846FFF729FC059007E041F61D53059396
:105ADC0003E048F20E63059300BF059B002B03D037
:105AEC0000990498FFF708FA059B184607B05DF873
:105AFC0004FB00BF60040020A8040020B4040020B4
:105B0C0000B585B001900091019B002B02D04FF4A1
:105B1C00064329E0009B1B79022B1BD0022B1DDCBA
:105B2C00002B02D0012B08D018E0009B02221A7126
:105B3C000098FFF71DFC039015E00098FFF748FC58
:105B4C000390039B48F2096293420BD141F61D531B
:105B5C00039307E041F61D53039304E048F20E63F0
:105B6C00039300E000BF039B184605B05DF804FBEF
:105B7C0000B585B00190019B002B02D04FF4064379
:105B8C003DE0214B1B7B002B03D01F4B00221A73D3
:105B9C0001E0FFF71BFE1C4B1B78013B062B29D8A1
:105BAC0001A252F823F000BFD15B0000D95B0000CA
:105BBC00E15B0000E95B0000015C0000F15B0000B0
:105BCC00F95B0000FFF786FD039017E0FFF73EFD41
:105BDC00039013E0FFF710FD03900FE0FFF7D6FCE6
:105BEC0003900BE0FFF74EFD039007E0FFF764FD19
:105BFC00039003E048F20E63039300BF039B184627
:105C0C0005B05DF804FB00BF9004002000B589B01E
:105C1C000190404B1B68002B05D13F48FFF7D6FA8B
:105C2C0003463C4A13603B4B1B68002B04D13B4999
:105C3C004FF4B46000F0E4F8364B1B681B78013B62
:105C4C00052B2CD801A252F823F000BF715C000088
:105C5C00815C0000815C0000915C0000915C0000A4
:105C6C00A15C00002B4B1B6819460198FFF7E6FD61
:105C7C00019018E0274B1B6819460198FFF7B8FEF6
:105C8C00019010E0234B1B6819460198FFF738FF71
:105C9C00019008E00198FFF76BFF019003E048F2D8
:105CAC000E63019300BF019B002B2BD003AB002292
:105CBC001A605A609A60DA601A61019B41F61D52B3
:105CCC00934201D0019B00E000230493114B1B680D
:105CDC0003AA11461846FEF7FBFF03AB1846FEF766
:105CEC00D7FF0C4B00221A60002301930A48FFF7E0
:105CFC007DFAFFF789FA034683F00103DBB2002B30
:105D0C0002D186E700BF00E000BF00BF09B05DF81C
:105D1C0004FB00BFB8040020BC040020508F00001E
:105D2C0000B583B00190019B5B681846FFF76EFFCE
:105D3C0000BF03B05DF804FB1EF0040F1CBFEFF3B3
:105D4C0009800AE0EFF308800549064A884201D829
:105D5C00904202D88D464FF00000034B18470000CC
:105D6C000000042000E00320B15D000000BF00BF74
:105D7C00BFF34F8F00BF064BDB6803F4E0620449AE
:105D8C00044B1343CB60BFF34F8F00BF00BFFDE745
:105D9C0000ED00E00400FA0500B583B00190FFF7B8
:105DAC00E7FF000000B587B00190019B0493124BF4
:105DBC009B6A0393104BDB6A002305930AE00122D4
:105DCC00059B02FA03F31A46039B1340002B059B19
:105DDC0001330593059B192BF1D9084B1B6803F074
:105DEC000103002B00D000BE0198FFF7D5FF00BFC8
:105DFC0007B05DF804FB00BF00ED00E0F0ED00E043
:105E0C0000B585B003460091ADF80630BDF80630FC
:105E1C000293009B039302AB1A46002144F202004A
:105E2C00FEF78CFE00BF05B05DF804FB86B0019058
:105E3C000091019B53E8021F1FFAA1F2D8888242FD
:105E4C0002BFBFF32F8F00230DE0D889024498893D
:105E5C00824228BF121AC1EA024243E802200028FB
:105E6C00E8D14FF001038DF80F30059002910492A8
:105E7C00029A009B1A609DF80F30DBB2184606B0F0
:105E8C00704784B00190019951E8023FC3EA234363
:105E9C0041E80232002AF7D10392029300BF04B00A
:105EAC00704700B585B001900091009B1946019890
:105EBC00FFF7BCFF0346002B07D0019B1B68009A21
:105ECC00528813440393039B00E00023184605B04B
:105EDC005DF804FB00B583B001900091009B1A881B
:105EEC00009B5B889A4204D10198FFF7CAFF0123FB
:105EFC0000E00023184603B05DF804FB10B487B033
:105F0C0001900091019B009A53E8004FA4EB020012
:105F1C0043E8000191F0000FF6D105940490039131
:105F2C00049B184607B05DF8044B704700B583B06E
:105F3C000190019B002B04D1054940F24510FFF75D
:105F4C005FFF019B1B681B79184603B05DF804FBCF
:105F5C00B88F000000B583B00190019B002B04D1D9
:105F6C00074940F25510FFF74BFF019B9A68019BC4
:105F7C001B681B68D31ADBB2184603B05DF804FB30
:105F8C00B88F000082B00190019B9B68D3F8483118
:105F9C00C3F34003DBB2002B14BF01230023DBB29D
:105FAC00184602B07047000000B597B00B900A91EC
:105FBC0009920B98FFF7E6FF0346002B05D0002251
:105FCC0000210B9800F0BCFD61E00A9B012B05D968
:105FDC00304A02210B9800F087FC58E02E4A2F4BD8
:105FEC00D31A2F4AA2FB03231B09149300231593E6
:105FFC0049E0159A13465B001344DB001A46274B05
:10600C0013441393139B9B8A1293139B9B8A1A46DC
:10601C00129BD31A1193139B9A68139B5B68D31A28
:10602C0010931398FFF782FF03460F931398FFF713
:10603C0091FF03460E93139B1B690D930E9B6422D9
:10604C0003FB02F2109BB2FBF3F30F9A642102FBE9
:10605C0001F1109AB1FBF2F2109907910F99069188
:10606C000592109A04920E9A03920293119B01933B
:10607C00129B00930D9B0B4A08210B9800F034FCEB
:10608C00159B01331593159A149B9A42B1D317B0F3
:10609C005DF804FB189000009C8800009C880000B0
:1060AC00ABAAAAAA2C90000082B00190019B9B681D
:1060BC00D3F84831C3F34003DBB2002B14BF0123E8
:1060CC000023DBB2184602B07047000000B585B063
:1060DC000190019B002B0AD0074B43F00103039363
:1060EC00019B9B010293039B0298984700E000BF21
:1060FC0005B05DF804FB00BF0098000000B583B04C
:10610C000190019B1B69184601F0F0FA00BF03B027
:10611C005DF804FB82B00190019B9A68B2F848319B
:10612C0043F00803A2F8483100BF02B0704782B0B8
:10613C000190019B9A68B2F848316FF3C303A2F83F
:10614C00483100BF02B0704782B00190019B9B6840
:10615C00D3F84831C3F3C003DBB2184602B0704722
:10616C0000B583B00190019B002B04D0019802F084
:10617C00E3FA034600E00023184603B05DF804FB85
:10618C0010B588B00390029101920093039B002BF1
:10619C0002D0029B002B03D12D49F420FFF730FED7
:1061AC00039B5B681B68002B03D12949F520FFF783
:1061BC0027FE002307933EE0039B5B681B68DC68AB
:1061CC00039B5868029A079BD11805AB019AA0470C
:1061DC000690069B002B03D01D49FF20FFF710FEF5
:1061EC00059B019A9A4204D219494FF48070FFF72B
:1061FC0007FE059B079A13440793059B019AD31A34
:10620C000193059B002B16D1039B9B681B78032BDA
:10621C0011D000BF039B9B68D3F84831C3F34013E4
:10622C00DBB2002BF6D0039B9A68B2F848316FF3BF
:10623C004513A2F84831019B002BBDD1009B002BCC
:10624C0002D0059A009B1A6000BF08B010BD00BFB9
:10625C00A891000000B583B001900B468DF8033077
:10626C00019B1B699DF803200349184601F060FA55
:10627C0000BF03B05DF804FB0092000010B586B0BF
:10628C000390029101920093039B002B02D0029B7E
:10629C00002B04D10D4940F22310FFF7B1FD039BF5
:1062AC005B68002B04D109494FF49270FFF7A8FDED
:1062BC00039B5B681B681C69039B5868009B019AD5
:1062CC000299A047059000BF06B010BDA891000030
:1062DC0000B589B00390029101920093009B002BB2
:1062EC0004D13B494FF49C70FFF78AFD0A9B002BAD
:1062FC0004D1374940F23910FFF782FD029B002B85
:10630C0034D1344A344BD31ADB08019A9A4229D23D
:10631C0000230693314B0593002307931BE0079B47
:10632C00DB002D4A13440693019B9B00059A1344F2
:10633C001A68069B5B681B681946104602F0C8F980
:10634C000346002B04D1069B5A68009B1A603CE064
:10635C00079B013307931F4A1F4BD31ADB08079A7D
:10636C009A42DCD3009B00221A602EE0039B002B88
:10637C0003D1009B00221A6027E0039B1B78002BA3
:10638C0010D0039B5B680A99019898470A9B1B687D
:10639C00002B03D1009B00221A6016E0009B0A9A86
:1063AC001A6012E0039B5A68019B1B0113441B6883
:1063BC00002B07D0039B5A68019B1B011A44009BBE
:1063CC001A6002E0009B00221A6009B05DF804FB21
:1063DC00A8910000D48800009C88000014000020C4
:1063EC0000B583B00190019B1B690449184601F06C
:1063FC009FF900BF03B05DF804FB00BF08920000DA
:10640C0000B583B001900B468DF803309DF8033036
:10641C00002B07D0019B1B699DF8032003491846EC
:10642C0001F086F900BF03B05DF804FB0C9200008C
:10643C0000B583B001900B468DF803309DF8033006
:10644C00002B07D0019B1B699DF8032003491846BC
:10645C0001F06EF900BF03B05DF804FB149200006C
:10646C0000B583B001900B468DF803309DF80330D6
:10647C00002B07D0019B1B699DF80320034918468C
:10648C0001F056F900BF03B05DF804FB1C9200004C
:10649C0000B583B001900B468DF803309DF80330A6
:1064AC00002B07D0019B1B699DF80320034918465C
:1064BC0001F03EF900BF03B05DF804FB249200002C
:1064CC0000B587B001900023ADF816300023ADF86D
:1064DC00143000238DF80B3000238DF81330019B02
:1064EC009B68A03380220021184602F08BF9019B97
:1064FC001B697749184601F01BF90198FFF7FEFD5F
:10650C000023ADF81030D7E003AB0DF10B010122E5
:10651C000198FFF7B3FE039B002B04D140F2E73048
:10652C00FFF7D4FDBFE09DF80B301B2B06D0019B71
:10653C009B6893F8A0301B2B40F0B4809DF80B3077
:10654C00522B40F09580019B9A689DF813301344B0
:10655C00002283F8A020019B9B6893F8A1305B2B51
:10656C0006D0019B9B68002283F8A0200B23AAE095
:10657C0002238DF813301CE0BDF814301A4692003B
:10658C0013445B009AB2019B99689DF81330581C18
:10659C008DF813000B4493F8A0309BB213449BB2BC
:1065AC00303BADF814309DF91330002B01DA0C237D
:1065BC0089E0019B9A689DF81330134493F8A0303E
:1065CC003B2BD9D19DF8133001338DF813309DF945
:1065DC001330002B1EDA0C2375E0BDF816301A466A
:1065EC00920013445B009AB2019B99689DF813309A
:1065FC00581C8DF813000B4493F8A0309BB2134435
:10660C009BB2303BADF816309DF91330002B01DAFC
:10661C000C2358E0019B9A689DF81330134493F8AF
:10662C00A030002BD9D1BDF81630FA2B04D9019B20
:10663C009B68FA221A7505E0019B9B68BDF8162031
:10664C00D2B21A75BDF81430FA2B04D9019B9B6891
:10665C00FA229A7505E0019B9B68BDF81420D2B212
:10666C009A75019B9B68002283F8A02000232AE0E6
:10667C00019B9A689DF813309DF80B1013440A4641
:10668C0083F8A0209DF8133001338DF813309DF85A
:10669C001330092B07D9019B9B68002283F8A0209B
:1066AC00042310E000BF039B002B7FF42DAFBDF83B
:1066BC0010300133ADF81030BDF81030B3F57A7FDF
:1066CC00FFF422AF0D23184607B05DF804FB00BFA2
:1066DC00F497000000B587B0039002910192029BE1
:1066EC00002B04D12A4940F24930FFF789FB019B6A
:1066FC00002B04D1264940F24A30FFF781FB039866
:10670C00FFF7DEFE0346002B18D1039B9B681B7D15
:10671C00ADF81630039B9B689B7DADF81430FA21C5
:10672C000398FFF785FEFA210398FFF7B1FE039853
:10673C00FFF7C6FE0346002B24D101E0062322E01E
:10674C00039B9B681A7D029B1A70039B9B689A7D26
:10675C00019B1A70029B1A78BDF81630DBB2D31A63
:10676C00DBB219460398FFF74BFE019B1A78BDF874
:10677C001430DBB2D31ADBB219460398FFF770FE64
:10678C00002300E00623184607B05DF804FB00BFA9
:10679C00A891000000B585B001900B468DF8033030
:1067AC009DF80330002B2ED0019B9B68DB7E9DF85F
:1067BC0003209A4234D01B238DF808305B238DF8CC
:1067CC00093031238DF80A303B238DF80B303323FD
:1067DC008DF80C309DF803302F33DBB28DF80D3073
:1067EC006D238DF80E3000238DF80F30019B9B68C4
:1067FC009DF80320DA76019B1B6902AA0A49184608
:10680C0000F096FF0DE0019B9B689DF80320DA7663
:10681C00019B1B69054A0449184600F089FF00E0FA
:10682C0000BF05B05DF804FB04920000089800005E
:10683C0000B585B001900B468DF803309DF8033000
:10684C00002B29D0019B9B681B7F9DF803209A424B
:10685C0021D01B238DF808305B238DF809303423AD
:10686C008DF80A309DF803302F33DBB28DF80B30E6
:10687C006D238DF80C3000238DF80D30019B9B6837
:10688C009DF803201A77019B1B6902AA044918463C
:10689C0000F04EFF00E000BF05B05DF804FB00BF48
:1068AC000492000082B001900091019B9B681B3305
:1068BC001B889AB2009B1A8000BF02B0704700B5CB
:1068CC0083B001900091009B1B7819460198FFF74B
:1068DC0061FF009B5B7819460198FFF7A9FF00BF89
:1068EC0003B05DF804FB00000CB400B585B001905A
:1068FC000B468DF80330069B002B04D12B4940F638
:10690C006130FFF77DFA019B002B04D1274940F63B
:10691C006230FFF775FA019B9B68002B07D0019B37
:10692C005B68002B03D0019B1B68002B04D11F4913
:10693C0040F66330FFF764FA0023039307AB03932D
:10694C00019B9B68D3F84831C3F38003DBB2002B67
:10695C001ED0019B9B68DB7E9DF803209A4217D0CA
:10696C0002AB19460198FFF79DFF9DF803301946BD
:10697C000198FFF70FFF019B1B6903AA06991846A4
:10698C0001F0BEF802AB19460198FFF798FF07E03B
:10699C00019B1B6903AA0699184601F0B1F800BFC8
:1069AC0000BF05B05DF804EB02B07047A891000081
:1069BC0000B589B00390029101928DF80330029BCF
:1069CC00002B00F0B8809DF80330002B05D0019B04
:1069DC00DBB219460398FFF72BFD0023069302E068
:1069EC00069B01330693029A069B13441B781846A8
:1069FC0001F033FE0346002BF2D1002305930298DD
:106A0C00FFF7AEFB0246069BD31A0793039B9B68CA
:106A1C005B7E1A46019BD31A079A9A4238D80023F8
:106A2C00059324E0069A059B1344029A13441B78A1
:106A3C000A2B19D10398FFF761FB029A069BD11818
:106A4C000023059A0398FFF79BFB059A069B1344BA
:106A5C00013306930398FFF7C3FC019BDBB2194685
:106A6C000398FFF7E5FC06E0059B01330593059AB7
:106A7C00079B9A42D6D3039B1869029A069B134430
:106A8C00194600F055FE00BF0398FFF7A9FC53E030
:106A9C00039B9B685B7E1A46019BD31A0793069A4D
:106AAC00059B1344029A13441B78184601F0D5FD3C
:106ABC000346002B09D0059B0793069A059B1344AC
:106ACC00029A13441B780A2B0BD0059A019B134492
:106ADC00039A9268527E934205D2059B013305932B
:106AEC00DDE700BF00E000BF0398FFF707FB029A49
:106AFC00069BD1180023079A0398FFF741FB069ACF
:106B0C00079B1344069302E0069B01330693029AFB
:106B1C00069B13441B78184601F09FFD0346002B7F
:106B2C00F2D10398FFF75CFC019BDBB2194603988A
:106B3C00FFF77EFC61E700BF09B05DF804FB0000C5
:106B4C0030B591B0059004910392059B002B04D1B4
:106B5C00B34940F6E230FFF753F9059B9B68002BD5
:106B6C0007D0059B5B68002B03D0059B1B68002B93
:106B7C0004D1AB4940F6E330FFF742F90023ADF8FE
:106B8C003E30A848FFF7ECFA03469CB2A648FFF744
:106B9C00E7FA03469BB2E31AADF83C30059B9B68C1
:106BAC005B68A24A0092A24A08210598FFF79CFE56
:106BBC00059B9B685B681846FFF7D2FA03469CB2AC
:106BCC009A48FFF7CDFA03469BB22344ADF83E300A
:106BDC00059B9B689968BDF83E2000230598FFF73C
:106BEC00E7FE944A00210598FFF77EFE039B002BDD
:106BFC004AD0049B002B47D000230E9340E00E9A02
:106C0C0013465B0013449B001A46049B13445B68B9
:106C1C001846FFF7A5FA04460E9A13465B00134478
:106C2C009B001A46049B13441B681846FFF798FAFE
:106C3C000346E218BDF83C309A421ED90E9A134610
:106C4C005B0013449B001A46049B13445B68184674
:106C5C00FFF786FA03469CB20E9A13465B00134468
:106C6C009B001A46049B13441B681846FFF778FADE
:106C7C0003469BB22344ADF83C300E9B01330E937C
:106C8C000E9A039B9A42BAD36748FFF769FA0346F8
:106C9C00694A127813449AB2BDF83C301344ADF8EB
:106CAC003C30BDF83C305F4A0092644A082105989C
:106CBC00FFF71AFE604B1B789AB2BDF83C301344B8
:106CCC009BB20133ADF83E30BDF83E2000235C4949
:106CDC000598FFF76DFE049B002B00F0028100234A
:106CEC000D93F9E00D9A13465B0013449B001A4672
:106CFC00049B13445B68002B69D00D9A13465B0010
:106D0C0013449B001A46049B13441B68002B5ED053
:106D1C000D9A13465B0013449B001A46049B1344C4
:106D2C0059680D9A13465B0013449B001A46049B4A
:106D3C0013441B6801933C4B00930B46414A0821BA
:106D4C000598FFF7D1FD3C4B1B789AB2BDF83C304F
:106D5C001344ADF83E30BDF83E30DCB20D9A13460C
:106D6C005B0013449B001A46049B13445B68184653
:106D7C00FFF7F6F90346DDB20D9A13465B00134498
:106D8C009B001A46049B13441B681846FFF7E8F94E
:106D9C000346DBB22B44DAB2274B1B781344DDB22B
:106DAC002148FFF7DDF90346DBB22B44DBB2E31AD3
:106DBC00DBB219460598FFF73BFB3A210598FFF724
:106DCC0049FABDF83E300133ADF83E3063E00D9A20
:106DDC0013465B0013449B001A46049B13445B68E8
:106DEC00002B31D0BDF83C100D9A13465B001344B8
:106DFC009B001A46049B13445B6800930B460F4A96
:106E0C0008210598FFF770FD0B4B1B789AB2BDF863
:106E1C003C3013449BB20133ADF83E303BE000BF35
:106E2C00A89100000C980000189800001C98000015
:106E3C00C4920000CC92000020980000D892000070
:106E4C00E0920000F49200000D9A13465B0013448C
:106E5C009B001A46049B13441B68002B1BD0BDF8E7
:106E6C003C100D9A13465B0013449B001A46049B7E
:106E7C0013441B6800930B465B4A08210598FFF7E7
:106E8C0033FD5A4B1B789AB2BDF83C3013449BB27D
:106E9C000133ADF83E300D9A13465B0013449B0052
:106EAC001A46049B13449B68002B0FD00D9A134673
:106EBC005B0013449B001A46049B13449968BDF86D
:106ECC003E2000230598FFF773FD02E00598FFF7BD
:106EDC0087FA0D9B01330D930D9A039B9A42FFF495
:106EEC0001AF059B9B68DB68002B75D0059B9B68ED
:106EFC00DB680B93002306930023ADF83E30002390
:106F0C00ADF83C3000230C930C9A531C0C9306A93F
:106F1C0007AB00930B4601210B98FFF7D9F9069BA1
:106F2C00002B12D0069B1B681846FFF719F9024676
:106F3C00BDF83C309A42E7D9069B1B681846FFF710
:106F4C000FF90346ADF83C30DEE700BF0C9B012B7C
:106F5C0044D0274A00210598FFF7C6FC00230C9368
:106F6C000C9A531C0C9306A907AB00930B460121FA
:106F7C000B98FFF7ADF9069B002B31D01B4B1B7800
:106F8C009AB2BDF83C301344ADF83E30BDF83E200B
:106F9C00069B1B6800931346134A08210598FFF7BC
:106FAC00A3FC124B1B789AB2BDF83E3013449BB233
:106FBC000133ADF83E30069B5B68002B08D0069B76
:106FCC005968BDF83E2000230598FFF7F1FCC7E790
:106FDC000598FFF705FAC3E700BF02E000BF00E029
:106FEC0000BF11B030BD00BFD89200002098000047
:106FFC000093000000B585B00390019200930B46FE
:10700C008DF80B300398FFF74FF80346002B06D092
:10701C00009A01990398FFF793FD01230EE09DF868
:10702C000B30002B09D0039B9B685B68054A02213F
:10703C000398FFF759FC012300E00023184605B024
:10704C005DF804FB1093000000B585B0039002912D
:10705C000192039B002B04D12B4940F65F50FEF7A5
:10706C00CFFE039B9B68002B07D0039B5B68002B18
:10707C0003D0039B1B68002B04D123494FF45660AB
:10708C00FEF7BEFE029B022B0BD10398FFF70CF808
:10709C000346002B05D0002200210398FFF750FD7A
:1070AC002FE0039B002B04D1174940F66850FEF7E4
:1070BC00A7FE039B1B69002B04D1134940F66850B3
:1070CC00FEF79EFE039B1B69104A1149184600F0FF
:1070DC002FFB039B002B04D10B4940F66950FEF7A4
:1070EC008FFE039B1B69002B04D1074940F66950A6
:1070FC00FEF786FE039B1B69064A0549184600F0FD
:10710C0017FB05B05DF804FBA89100002498000063
:10711C00049200002898000000B585B003900291FD
:10712C000192039B002B04D1174940F66E50FEF7D9
:10713C0067FE039B9B68002B07D0039B5B68002BAF
:10714C0003D0039B1B68002B04D10F4940F66F50F2
:10715C00FEF756FE029B012B08D0029B022B0BD193
:10716C000398FEF7A1FF0346002B05D00022002157
:10717C000398FFF7E5FC04E0044A02210398FFF7AB
:10718C00B3FB05B05DF804FBA8910000A0920000D1
:10719C0000B585B0039002910192029B012B14BFA4
:1071AC0001230023D9B2002300220398FFF722FF0A
:1071BC000346002B08D1039B9A68B2F848316FF351
:1071CC008203A2F8483100E000BF05B05DF804FB73
:1071DC0000B585B0039002910192029B012B14BF64
:1071EC0001230023D9B2002300220398FFF702FFEA
:1071FC000346002B08D1039B9A68B2F8483143F040
:10720C000403A2F8483100E000BF05B05DF804FBB0
:10721C0000B587B0059004910392059B002B04D117
:10722C001F4940F68F50FEF7EBFD059B9B68002B2A
:10723C0007D0059B5B68002B03D0059B1B68002BBC
:10724C0004D117494FF45960FEF7DAFD049B012B6A
:10725C0005D1002200210598FFF772FC1DE0049B6C
:10726C00022B14BF01230023D9B20023002205985E
:10727C00FFF7C0FE0346002B0ED1039B1A68039B3D
:10728C0004331B680193074B00931346064A0221F3
:10729C000598FFF729FB00E000BF07B05DF804FB81
:1072AC00A8910000389300002C93000000B587B023
:1072BC00059004910392049B022B8CBF01230023A5
:1072CC00D9B2002300220598FFF794FE0346002B49
:1072DC0020D1049B022B0ED1039B1A68039B043311
:1072EC001B6801930D4B009313460D4A0221059820
:1072FC00FFF7FAFA0FE00598FEF726FF0346002B7E
:10730C0001D0084B00E0084B084A00210598FFF714
:10731C00EBFA00E000BF07B05DF804FB3893000007
:10732C002C930000509300005493000058930000DD
:10733C0000B585B0039002910192029B012B14BF02
:10734C0001230023D9B2002300220398FFF752FE39
:10735C000346002B03D10398FEF7E9FE00E000BFC3
:10736C0005B05DF804FB00B585B003900291019265
:10737C00029B012B14BF01230023D9B2002300224E
:10738C000398FFF737FE0346002B03D10398FEF753
:10739C00C1FE00E000BF05B05DF804FB00B58DB088
:1073AC00059004910392059B002B04D12D4940F6C6
:1073BC00C750FEF725FD059B9B68002B07D0059B4E
:1073CC005B68002B03D0059B1B68002B04D125495F
:1073DC0040F6C850FEF714FD049B012B14BF01238B
:1073EC000023D9B2002300220598FFF703FE0346C1
:1073FC00002B33D100230B93059B9B68D3F84031B2
:10740C000A930A9B002B23D00B9B072B20D807A990
:10741C00002309220A9800F08DFE059B9B6803F15E
:10742C00A0019DF8243001331A4609230A9800F074
:10743C0081FE089B0A930B9B5A1C0B92059A92682F
:10744C00A0320092084A00210598FFF74DFAD8E7C0
:10745C00059B9B68002283F8A02000E000BF0DB0C4
:10746C005DF804FBA89100006C93000000B587B098
:10747C00059004910392049B012B05D1002200215D
:10748C000598FFF75DFB1CE0049B022B0ED1039BC0
:10749C001A68039B04331B6801930B4B0093134630
:1074AC000A4A02210598FFF71FFA0AE0049B022BF7
:1074BC008CBF01230023D9B2002300220598FFF7CB
:1074CC0099FD07B05DF804FB389300002C93000085
:1074DC0000B58BB0079006910592069B012B14BF4B
:1074EC0001230023D9B2002300220798FFF782FD65
:1074FC000346002B29D1079BDB685B681B6809934B
:10750C00099800F011FF03468DF823309DF82330C5
:10751C00642203FB02F2099B9B68B2FBF3F38DF828
:10752C002230079B9B68D3F838019DF822309DF8D8
:10753C002320099989680291019200930346054A18
:10754C0000210798FFF7D0F900E000BF0BB05DF801
:10755C0004FB00BF7893000000B585B00390029146
:10756C000192029B012B14BF01230023D9B20023EB
:10757C0000220398FFF73EFD0346002B0CD1039B22
:10758C009B680022C3F83821039BDB685B681B688F
:10759C00184600F0DDFE00E000BF05B05DF804FB0E
:1075AC0000B585B0039002910192029B012B14BF90
:1075BC0001230023D9B2002300220398FFF71AFD00
:1075CC000346002B20D1039B002B04D1104940F61D
:1075DC002160FEF715FC039B1B69002B04D10C49A1
:1075EC0040F62160FEF70CFC039B1B69094A0A4913
:1075FC00184600F09DF8039B9B6850225A76039B1B
:10760C009B6818221A7600E000BF05B05DF804FBF9
:10761C00A8910000309800000492000000B587B0DB
:10762C00059004910392059B002B04D12B4940F645
:10763C002860FEF7E5FB059B9B68002B07D0059B9C
:10764C005B68002B03D0059B1B68002B04D12349DE
:10765C0040F62960FEF7D4FB049B012B1BD1059B44
:10766C009B6803F11901059B9B6818331A46059812
:10767C00FFF730F80346002B2AD0059B9B6850225D
:10768C005A76059B9B6818221A76154A0421059890
:10769C00FFF72AF91CE0049B022B8CBF012300236B
:1076AC00D9B2002300220598FFF7A4FC0346002B57
:1076BC0010D1039B1A68039B04331B680193094B7D
:1076CC0000931346084A02210598FFF70DF902E0D2
:1076DC0000BF00E000BF07B05DF804FBA8910000FC
:1076EC00B0930000389300002C93000000B583B0D9
:1076FC000190019B002B03D10C493120FEF780FB3C
:10770C00019B9B68002B0CD0019B5B69019A106953
:10771C00019A1168019A92689847019B00229A601D
:10772C0000E000BF03B05DF804FB00BF3898000018
:10773C000EB400B584B00190019B002B03D1184905
:10774C004220FEF75DFB019B5B69002B03D11449C2
:10775C004320FEF755FB019B1B68002B03D11049FE
:10776C004420FEF74DFB019B5B68002B03D10C49B9
:10777C004520FEF745FB059B002B0AD00023039305
:10778C0006AB039303AB1A460599019800F0B8F9C0
:10779C0000E000BF04B05DF804EB03B0704700BF1D
:1077AC003898000000B583B001900B468DF803307B
:1077BC009DF803300A2B03D10D210198FFF7F2FF3E
:1077CC00019B1A68019B9B68581C019988601344A3
:1077DC009DF803201A70019B9A68019B5B689A4282
:1077EC0002D30198FFF782FF00BF03B05DF804FBE2
:1077FC0000B587B00390029101920093002305938A
:10780C00009B03F00103002B24D00BE0029B0133FF
:10781C000293059B013305939DF813301946039889
:10782C00FFF7C0FF029B1B788DF813309DF81330C7
:10783C00002BEBD106E0019B013B01932021039827
:10784C00FFF7B0FF019A059B9A422ED9019B002BA2
:10785C00F1D12AE0029B002B0BD0029800F06CFFB8
:10786C00059006E0019B013B019320210398FFF753
:10787C0099FF019A059B9A420FD9019B002BF1D1DC
:10788C000BE0029B01330293059B013305939DF89A
:10789C00133019460398FFF785FF029B1B788DF870
:1078AC0013309DF81330002BEBD100BF07B05DF8FF
:1078BC0004FB000000B589B0039002910192009383
:1078CC00029B07930123069307E0079A019BB2FBE7
:1078DC00F3F30793069B01330693079A019B9A4295
:1078EC00F3D2009A069B9A4201D9009B06930B9BFC
:1078FC0003F00103002B22D10A9B002B1FD00B9B02
:10790C0003F00203002B06D0009B002B03D1302385
:10791C008DF8173002E020238DF8173008E00A9B11
:10792C00013B0A939DF8173019460398FFF73AFF6D
:10793C000A9B002B03D0069A0A9B9A42EFD3012391
:10794C000793009B012B03D9009B013B009309E09B
:10795C00029A079BB2FBF3F30493049A019B9A429D
:10796C0000D205E0079B019A02FB03F30793E8E7BB
:10797C00029A079BB2FBF3F30493049B079A02FB56
:10798C0003F3029AD31A0293154A049B13441B78EF
:10799C0019460398FFF706FF079A019BB2FBF3F316
:1079AC000793079B002BE3D10B9B03F00103002BE8
:1079BC0011D00A9B002B0ED006E00A9B013B0A93C8
:1079CC0020210398FFF7EEFE0A9B002B03D0069AAA
:1079DC000A9B9A42F1D300BF09B05DF804FB00BFCB
:1079EC00E898000000B589B00590049103920293C9
:1079FC00049B002BB8BF5B4206930123079307E05F
:107A0C00039B069A92FBF3F30693079B01330793B0
:107A1C00039B069A9A42F3DA029A079B9A4201D97F
:107A2C00029B07930A9B002B0AD0049B002B04DBC0
:107A3C000B9B03F00403002B02D00A9B013B0A931F
:107A4C000B9B03F00203002B02D0029B002B16D0E1
:107A5C000B9B03F00103002B11D10A9B002B0ED0C2
:107A6C0006E00A9B013B0A9320210598FFF79AFE3A
:107A7C000A9B002B03D0079A0A9B9A42F1D3049BD2
:107A8C00002B07DA049B5B4204932D210598FFF72A
:107A9C0089FE08E00B9B03F00403002B03D02B2181
:107AAC000598FFF77FFE0B9B03F00203002B19D008
:107ABC000B9B03F00103002B14D1029B002B11D163
:107ACC000A9B002B0ED006E00A9B013B0A93302147
:107ADC000598FFF767FE0A9B002B03D0079A0A9BB9
:107AEC009A42F1D304990B9B01930A9B0093029B3E
:107AFC00039A0598FFF7DEFE00BF09B05DF804FBA2
:107B0C0000B58FB0059004910392059B002B04D116
:107B1C00AD4940F25220FEF773F9059B5B69002BCF
:107B2C0004D1A9494FF41570FEF76AF9059B1B683F
:107B3C00002B04D1A44940F25520FEF761F9059BB6
:107B4C005B68002B04D1A04940F25620FEF758F98F
:107B5C00049B002B00F09381049B1B788DF837302D
:107B6C00049B013304939DF83730002B00F07E8189
:107B7C009DF83730252B40F06D8100230A930123AB
:107B8C000C93049B1B788DF837309DF83730302BD5
:107B9C000DD0302B1BDC2B2B11D02D2B17D10A9B8E
:107BAC0043F001030A93049B0133049312E00A9BF4
:107BBC0043F002030A93049B013304930AE00A9BEB
:107BCC0043F004030A93049B0133049302E0002363
:107BDC000C9300BF0C9B002BD3D1002309939DF871
:107BEC0037302A2B0CD1039B1B68191D039A11608B
:107BFC001B68099A13440993049B013304931AE0FC
:107C0C00049B1B788DF837309DF837302F2B12D909
:107C1C009DF83730392B0ED8049B01330493099A05
:107C2C0013469B0013445B001A469DF837301344EF
:107C3C00303B0993D3E700230B93049B1B788DF8FF
:107C4C0037309DF837302E2B1DD1049B0133049314
:107C5C00049B1B788DF837309DF837302F2B12D9B9
:107C6C009DF83730392B0ED8049B013304930B9AB3
:107C7C0013469B0013445B001A469DF8373013449F
:107C8C00303B0B93E4E7049B1B788DF837309DF861
:107C9C0037306C2B03D09DF83730682B07D1049B01
:107CAC0001330493049B1B788DF83730EFE79DF874
:107CBC003730252B00F0C480252BC0F2C680782BE2
:107CCC0000F3C380582BC0F2C080583B202B00F22D
:107CDC00BC8001A252F823F0D97D0000577E000031
:107CEC00577E0000577E0000577E0000577E000034
:107CFC00577E0000577E0000577E0000577E000024
:107D0C00577E0000697D00008B7D0000577E0000CF
:107D1C00577E0000577E0000577E00008B7D0000D0
:107D2C00577E0000577E0000577E0000577E0000F3
:107D3C00577E0000577E0000197E0000577E000021
:107D4C00577E0000FD7D0000577E0000AF7D0000D7
:107D5C00577E0000577E0000D97D0000039B1B68F6
:107D6C00191D039A11601B680C930C9B8DF81F3026
:107D7C009DF81F3019460598FFF714FD66E0039B2C
:107D8C001B68191D039A11601B680C930A9B0193C5
:107D9C00099B00930B9B0A220C990598FFF722FE76
:107DAC0054E0039B1B68191D039A11601B680C930C
:107DBC000C990A9B0193099B00930B9B0A22059833
:107DCC00FFF778FD42E000BF8C980000039B1B6816
:107DDC00191D039A11601B680C930C990A9B019353
:107DEC00099B00930B9B10220598FFF763FD2DE078
:107DFC00039B1B68191D039A11601B6808930A9B4F
:107E0C00099A08990598FFF7F3FC1FE0039B1B6880
:107E1C00191D039A11601B680C9330210598FFF70C
:107E2C00C1FC78210598FFF7BDFC0C990023019348
:107E3C0008230093082310220598FFF73BFD05E06B
:107E4C0025210598FFF7AEFC00E000BF049B013331
:107E5C00049305E09DF8373019460598FFF7A2FC0E
:107E6C00049B1B78002B7FF477AE00E000BF059BD2
:107E7C001B7B002B04D00598FFF738FC00E000BFFB
:107E8C000FB05DF804FB00BF10B586B005900491EF
:107E9C0003920293059B002B01D10E2342E0039B1E
:107EAC00002B01D10E233DE0059B1B68002B01D15B
:107EBC00082337E0029B002B01D1092332E0059BFC
:107ECC005B685A68029BB3FBF2F101FB02F29B1A4E
:107EDC00002B01D0092325E0049800F07BF8034621
:107EEC00002B01D110231DE0039B184600F072F803
:107EFC000346002B01D1102314E0029A0499059833
:107F0C0000F04EF80346002B01D110230AE0059B2C
:107F1C001B68DC68089B0093029B039A04990598E4
:107F2C00A0470346184606B010BD10B584B00390A8
:107F3C00029101920093039B002B01D10E232CE0A4
:107F4C00039B1B68002B01D1082326E0019B002B0F
:107F5C0001D1092321E00299039800F048F8034667
:107F6C00002B01D1102318E0039B5B681B68019A5E
:107F7C0002FB03F31A460299039800F011F803462A
:107F8C00002B01D1102308E0039B1B681C69009B8C
:107F9C00019A02990398A0470346184604B010BDF5
:107FAC0084B0039002910192039BDB68029A9A427F
:107FBC0009D3029A019B13445A1E039B1B699A42D4
:107FCC0001D8012300E0002303F00103DBB21846C3
:107FDC0004B0704782B00190019B03F00303002BA7
:107FEC000CBF01230023DBB2184602B0704782B0ED
:107FFC0001900091019B5B681B685A1E009B13400B
:10800C00002B0CBF01230023DBB2184602B07047D3
:10801C0000B591B00390029101920093039B002B49
:10802C0003D14349B620FDF7EBFE039B0993039B59
:10803C000F93099BDB881A46099B5B7902FB03F3C0
:10804C00043B0893009A089B9A4203D33849C420F6
:10805C00FDF7D6FE099BDB880793009B1A1D079B37
:10806C00B2FBF3F30E93009B0433079AB3FBF2F2CB
:10807C00079901FB02F29B1A0D93019B1A68009B56
:10808C001344089A9A4203D2089A009BD31A01E02F
:10809C00019B1B680C93019B0C9A1A6005E00F9BCB
:1080AC001B680F930E9B013B0E930E9B002BF6D17E
:1080BC0000230B93079A0D9BD31A0A930A9A0C9BD5
:1080CC00934228BF13460A932AE0029A0B9B13444F
:1080DC0006930F9A0D9B1344043305939DF8483077
:1080EC00002B05D00A9A0599069800F055FB04E080
:1080FC000A9A0699059800F04FFB00230D930F9BED
:10810C001B680F930C9A0A9BD31A0C930B9A0A9B1D
:10811C0013440B93079A0C9B934228BF13460A9364
:10812C000C9B002BD1D100BF00BF11B05DF804FB3C
:10813C00F898000000B589B0059004910392029361
:10814C00039B079307AA01230093029B04990598AC
:10815C00FFF75EFF079B039A9A4204D004494FF441
:10816C008070FDF74DFE00BF09B05DF804FB00BF49
:10817C00F898000082B00190019B9B68D3F84831BD
:10818C00C3F34003DBB2002B14BF01230023DBB28B
:10819C00184602B07047000000B595B00B900A91DC
:1081AC0009920B98FFF7E6FF0346002B05D000223F
:1081BC0000210B98FEF7C4FC5CE00A9B012B05D94F
:1081CC002E4A02210B98FEF78FFB53E02C4A2D4BC5
:1081DC00D31A2D4AA2FB03231B09129300231393DA
:1081EC0044E0139A13465B001344DB001A46254BFC
:1081FC0013441193119BDB681093119B9B680F9395
:10820C00119800F091F80E90119800F071F80D9003
:10821C00119B5B690C930D9B642203FB02F20F9B79
:10822C00B2FBF3F30E9A642102FB01F10F9AB1FB3E
:10823C00F2F21199097C002901D1144900E014498A
:10824C0007910F9906910E99059104920F9A03923A
:10825C000D9A02920193109B00930C9B0D4A0821DE
:10826C000B98FEF741FB139B01331393139A129B4C
:10827C009A42B6D315B05DF804FB00BF58990000C4
:10828C009C88000084880000ABAAAAAA6C99000004
:10829C00789900008499000082B00190019B9B6842
:1082AC00024A12781344184602B07047E89A00004C
:1082BC0000B585B00190019B1B681B680393019B63
:1082CC001B685B680293029A039B9A4203D3029A3F
:1082DC00039BD31A07E00198FFF7DEFF0246039BCE
:1082EC00D21A029B1344184605B05DF804FB00003B
:1082FC0000B585B00190019B002B04D1094940F2D7
:10830C001E20FDF77DFD0020FCF75EFC0198FFF7B9
:10831C00CFFF03900020FCF76BFC039B184605B0C5
:10832C005DF804FB549A000000B583B00190019BEA
:10833C00002B04D1054940F23920FDF761FD019B6A
:10834C001B689B68184603B05DF804FB549A000048
:10835C0000B583B00190019B002B04D1064940F27B
:10836C003F20FDF74DFD019B1B6800229A6000BF6A
:10837C0003B05DF804FB00BF549A000000B587B051
:10838C0003468DF807309DF80730FF2B08D19DF878
:10839C000730012B04D921494FF4E470FDF730FD6F
:1083AC009DF807201E4913465B0013449B000B44A9
:1083BC001B68002B04D1194940F2C910FDF720FDB0
:1083CC009DF807305A1C13469B0013441B02154A98
:1083DC00134403939DF8072013469B0013441B0280
:1083EC0003F580730F4A134404934FF48063059391
:1083FC0009E0049B1A1D04921B680B4A934207D197
:10840C00059B043B0593049A039B9A42F1D300E02D
:10841C0000BF059B184607B05DF804FBEC9A000002
:10842C0000140020000500200ED0ADDE00B58DB08C
:10843C0007900691059200238DF82F30B7E00023AA
:10844C000A930020FCF7C0FB9DF82F205D491346D2
:10845C005B0013449B000B441B68002B18D09DF849
:10846C002F20584913465B0013449B000B440433E4
:10847C001B68002B0AD09DF82F20524913465B0035
:10848C0013449B000B4404331B6800E04E4B0A93CF
:10849C000020FCF7ADFB0A9B002B00F083809DF8BD
:1084AC002F301846FFF76AFF09909DF82F30474A86
:1084BC0008210798FEF718FA0A9B454A08210798E5
:1084CC00FEF712FA099B002B27D09DF82F2013469C
:1084DC009B0013441B0203F580733E4A1344184659
:1084EC009DF82F305A1C13469B0013441B02394A2B
:1084FC001344013B099A642101FB02F2920A4FF4E6
:10850C008061039109990291019200930346324ACA
:10851C0008210798FEF7E8F91BE09DF82F20134679
:10852C009B0013441B0203F580732A4A134419461B
:10853C009DF82F305A1C13469B0013441B02254AEE
:10854C001344013B00930B46244A08210798FEF77D
:10855C00CBF9234B1B789DF82F209A420DD09DF818
:10856C002F304FF00042DA401E4B1B681340002B9B
:10857C0001D01D4B02E01D4B00E01D4B1D4A082194
:10858C000798FEF7B1F99DF82F200E4913465B00B2
:10859C0013449B000B4408331B68174A08210798A7
:1085AC00FEF7A2F99DF82F3001338DF82F309DF88E
:1085BC002F30022B7FF643AF00BF00BF0DB05DF82C
:1085CC0004FB00BF00140020609B0000689B0000AF
:1085DC00749B000000050020849B0000C09B0000E1
:1085EC002814002024140020D89B0000E49B0000D9
:1085FC00F09B0000F89B0000089C0000002A04BFC0
:10860C00002070478446097848B2002844BF6FF0B8
:10861C0001007047BCF1000F18BFCCF8001000210E
:10862C00C3E90011002818BF012070477F298EBFB5
:10863C006FF0010001700120704741F22C42C2F230
:10864C0000021368002B02BF40F23403C2F2000395
:10865C0013605A689268126810470821FFF7EDBF43
:10866C007F2884BF0020704749F6A862C0F2000240
:10867C00515C49F62862C0F20002105C0840704759
:10868C00A0F161011A2938BF20387047A0F14101CF
:10869C001A2938BF203070477F2884BF00207047CC
:1086AC0049F6A862C0F20002515C49F62862C0F299
:1086BC000002105C08407047A0F161011A2938BF14
:1086CC0020387047A0F141011A2938BF203070477B
:1086DC004FF0013C50F8042B51F8043B9A421ED148
:1086EC00CCFA52F2DAB950F8042B51F8043B9A4206
:1086FC0015D1CCFA52F292B950F8042B51F8043B34
:10870C009A420CD1CCFA52F24AB950F8042B51F8D7
:10871C00043B9A4203D1CCFA52F2002ADAD0043844
:10872C00043910F8012B11F8013BD21A01D1002B9E
:10873C00F7D11046704700BF411C82070CD010F8CF
:10874C00012B3AB3820707D010F8012B12B3820722
:10875C0002D010F8012BEAB14FF0013C50F8042B79
:10876C00CCFA52F37BB950F8042BCCFA52F353B930
:10877C0050F8042BCCFA52F32BB950F8042BCCFA4A
:10878C0052F3002BEAD004381BBAB3FA83F300EB94
:10879C00D3000130401A704772B3844690EA01034B
:1087AC009B0721D1830709D011F8013B00F8013B4D
:1087BC00013A20D08307F7D100E08446202A0AD35F
:1087CC002DE9F007B1E8F807A0E8F807203A202ACD
:1087DC00F8D2BDE8F007042A06D351F8043B40F860
:1087EC00043B043A042AF8D22AB111F8013B00F8F0
:1087FC00013B013AF9D16046704700BF00220B00E3
:10880C0011001A0084465AB3830704D000F8011BE8
:10881C00013AF9D124E0C9B241EA012141EA01410E
:10882C00202A11D3203A2DE9F0030B460C460D46B5
:10883C000E460F4688468946A0E8FA03203AFBD23A
:10884C00BDE8F00320320BD0042A05D340F8041BFA
:10885C00043A05D0042AF9D200F8011B013AFBD1E5
:10886C0060467047072904D90023024AC0E9003149
:08887C00106070473014002069
:108884008C0000204800002040000000010000008F
:0888940000000000A8890000AB
:10889C00000000009891000000000000B497000058
:1088AC0000000000C497000000000000D4970000F6
:1088BC0000000000E497000000000000D89A0000BF
:0888CC0000000000849C000084
:1088D40000000000000000002D5D0000000000000A
:0488E4000000000090
:1088E8000000000000000000000000000000000080
:0C88F80000000000000000000000000074
:108904002E2E2F2E2E2F2E2E2F2E2E2F6E524635FC
:108914005F53444B5F31372E312E302F6D6F6475AA
:108924006C65732F6E7266782F68616C2F6E726639
:108934005F6770696F2E6800000000000338FDD87F
:10894400704700002E2E2F2E2E2F2E2E2F2E2E2F40
:108954006E5246355F53444B5F31372E312E302FE4
:108964006D6F64756C65732F6E7266782F68616CB9
:108974002F6E72665F6770696F2E6800FFFFFFFFDE
:108984000006FF000000004000000000000000009E
:108994000030004000000000000000000338FDD853
:1089A400704700006D5F72616E645F706F6F6C0082
:1089B400433A5C55736572735C44696E6F5C4465DD
:1089C400736B746F705C42696F44415120467573D8
:1089D400696F6E5C6E5246355F53444B5F31372E80
:1089E400312E305C696E746567726174696F6E5C98
:1089F4006E7266785C6C65676163795C6E72665FE3
:108A04006472765F726E672E630000002E2E2F2E26
:108A14002E2F2E2E2F2E2E2F6E5246355F53444B63
:108A24005F31372E312E302F696E74656772617431
:108A3400696F6E2F6E7266782F6E7266785F676CE0
:108A440075652E68000000002E2E2F2E2E2F2E2E40
:108A54002F2E2E2F6E5246355F53444B5F31372EE7
:108A6400312E302F6D6F64756C65732F6E7266785E
:108A74002F68616C2F6E72665F6770696F2E680075
:108A84000000005000030050433A5C557365727354
:108A94005C44696E6F5C4465736B746F705C4269AF
:108AA4006F44415120467573696F6E5C6E52463552
:108AB4005F53444B5F31372E312E305C6D6F6475DC
:108AC4006C65735C6E7266785C64726976657273E9
:108AD4005C7372635C6E7266785F6770696F7465ED
:108AE4002E6300002E2E2F2E2E2F2E2E2F2E2E2FC5
:108AF4006E5246355F53444B5F31372E312E302F43
:108B0400696E746567726174696F6E2F6E726678D0
:108B14002F6E7266785F676C75652E6800000000C2
:108B24002E2E2F2E2E2F2E2E2F2E2E2F6E524635DA
:108B34005F53444B5F31372E312E302F6D6F647588
:108B44006C65732F6E7266782F68616C2F6E726617
:108B54005F706F7765722E6800000000433A5C55C1
:108B6400736572735C44696E6F5C4465736B746F98
:108B7400705C42696F44415120467573696F6E5C45
:108B84006E5246355F53444B5F31372E312E305C85
:108B94006D6F64756C65735C6E7266785C64726923
:108BA400766572735C7372635C6E7266785F706F05
:108BB4007765722E63000000433A5C5573657273E7
:108BC4005C44696E6F5C4465736B746F705C42697E
:108BD4006F44415120467573696F6E5C6E52463521
:108BE4005F53444B5F31372E312E305C6D6F6475AB
:108BF4006C65735C6E7266785C64726976657273B8
:108C04005C7372635C7072735C6E7266785F7072B0
:108C1400732E63002E2E2F2E2E2F2E2E2F2E2E2F20
:108C24006E5246355F53444B5F31372E312E302F11
:108C3400696E746567726174696F6E2F6E7266789F
:108C44002F6E7266785F676C75652E680000000091
:108C54002E2E2F2E2E2F2E2E2F2E2E2F6E524635A9
:108C64005F53444B5F31372E312E302F6D6F647557
:108C74006C65732F6E7266782F68616C2F6E7266E6
:108C84005F6770696F2E6800433A5C557365727351
:108C94005C44696E6F5C4465736B746F705C4269AD
:108CA4006F44415120467573696F6E5C6E52463550
:108CB4005F53444B5F31372E312E305C6D6F6475DA
:108CC4006C65735C6E7266785C64726976657273E7
:108CD4005C7372635C6E7266785F7370696D2E6329
:108CE40000000000E93100000132000015320000EC
:108CF4002D3200002E2E2F2E2E2F2E2E2F2E2E2FE5
:108D04006E5246355F53444B5F31372E312E302F30
:108D1400696E746567726174696F6E2F6E726678BE
:108D24002F6E7266785F676C75652E6800000000B0
:108D3400433A5C55736572735C44696E6F5C446559
:108D4400736B746F705C42696F4441512046757354
:108D5400696F6E5C6E5246355F53444B5F31372EFC
:108D6400312E305C6D6F64756C65735C6E72667801
:108D74005C647269766572735C7372635C6E72664E
:108D8400785F7377692E63002E2E2F2E2E2F2E2EB2
:108D94002F2E2E2F6E5246355F53444B5F31372EA4
:108DA400312E302F696E746567726174696F6E2F2E
:108DB4006E7266782F6E7266785F676C75652E6862
:108DC400000000002E2E2F2E2E2F2E2E2F2E2E2F73
:108DD4006E5246355F53444B5F31372E312E302F60
:108DE4006D6F64756C65732F6E7266782F68616C35
:108DF4002F6E72665F757362642E6800433A5C5529
:108E0400736572735C44696E6F5C4465736B746FF5
:108E1400705C42696F44415120467573696F6E5CA2
:108E24006E5246355F53444B5F31372E312E305CE2
:108E34006D6F64756C65735C6E7266785C64726980
:108E4400766572735C7372635C6E7266785F757359
:108E540062642E63000000001D3E0000553E0000C9
:108E64003D42000047420000534200005F420000C0
:108E74006B42000077420000834200008F420000F2
:108E8400554400009B420000A7420000B14200008C
:108E9400BD420000C9420000D5420000E14200008A
:108EA400ED420000F94200000543000011430000B8
:108EB4003945000079440000F545000008010C0123
:108EC4001001140118011C01200124012C010000CF
:108ED4003001340138013C014001440148014C0196
:108EE4005001000000010000433A5C557365727341
:108EF4005C44696E6F5C4465736B746F705C42694B
:108F04006F44415120467573696F6E5C6E524635ED
:108F14005F53444B5F31372E312E305C636F6D707D
:108F24006F6E656E74735C6C69627261726965738D
:108F34005C7574696C5C6170705F7574696C5F708A
:108F44006C6174666F726D2E63000000433A5C5569
:108F5400736572735C44696E6F5C4465736B746FA4
:108F6400705C42696F44415120467573696F6E5C51
:108F74006E5246355F53444B5F31372E312E305C91
:108F8400636F6D706F6E656E74735C6C6962726131
:108F9400726965735C6664735C6664732E63000057
:108FA400DEC0ADDEFF011EF1DEC0ADDEFE011EF14E
:108FB4000000FFFF433A5C55736572735C44696E4D
:108FC4006F5C4465736B746F705C42696F444151AC
:108FD40020467573696F6E5C6E5246355F53444B21
:108FE4005F31372E312E305C636F6D706F6E656E3E
:108FF40074735C6C69627261726965735C62616CE2
:109004006C6F635C6E72665F62616C6C6F632E681A
:109014000000000042616420617267756D656E74C2
:1090240020636F756E74000025730D0A092D2045A9
:109034006C656D656E742073697A653A09256420E0
:109044002B202564206279746573206F6620646523
:1090540062756720696E666F726D6174696F6E0DFB
:109064000A092D2055736167653A09257525252060
:10907400282575206F7574206F6620257520656C12
:10908400656D656E7473290D0A092D204D6178692B
:109094006D756D3A092575252520282575206F7570
:1090A40074206F6620257520656C656D656E74731C
:1090B400290D0A0D0A0000007374617475730000B1
:1090C4005072696E7420737461747573206F6620B6
:1090D40062616C6C6F6320696E7374616E63657337
:1090E4002E00000062616C6C6F630000436F6D6D55
:1090F400616E647320666F722042414C4C4F432072
:109104006D616E6167656D656E740000433A5C5510
:10911400736572735C44696E6F5C4465736B746FE2
:10912400705C42696F44415120467573696F6E5C8F
:109134006E5246355F53444B5F31372E312E305CCF
:10914400636F6D706F6E656E74735C6C696272616F
:10915400726965735C62616C6C6F635C6E72665F8E
:1091640062616C6C6F632E6300000000BC900000B1
:10917400C490000000000000B55F00000000000083
:1091840000000000000000000000000000000000DB
:1091940070910000E8900000F090000090910000B1
:1091A400B55F0000433A5C55736572735C44696E45
:1091B4006F5C4465736B746F705C42696F444151BA
:1091C40020467573696F6E5C6E5246355F53444B2F
:1091D4005F31372E312E305C636F6D706F6E656E4C
:1091E40074735C6C69627261726965735C636C69E7
:1091F4005C6E72665F636C692E6300002563000019
:10920400257300000A0000001B5B25644400000075
:109214001B5B2564430000001B5B256441000000C8
:109224001B5B2564420000000A25732573000000BF
:109234005461622066756E6374696F6E3A20636F61
:109244006D6D616E647320636F756E746572206FEB
:10925400766572666C6F7765642E0A000A25730062
:109264006E6F74207465726D696E617465643A2002
:1092740025630A00257325730A0000003A20636FF2
:109284006D6D616E64206E6F7420666F756E640020
:109294002D6800002D2D68656C700000506C6561B0
:1092A40073652073706563696679206120737562E4
:1092B400636F6D6D616E642E0A0000000A0A00007F
:1092C40025732573000000004F7074696F6E733A44
:1092D4000A0000002020252D2A733A0053686F7776
:1092E40020636F6D6D616E642068656C702E000084
:1092F40020202573257325730000000053756263D5
:109304006F6D6D616E64733A0A00000025733A2034
:1093140077726F6E6720706172616D65746572201B
:10932400636F756E740A000025733A257325730AFA
:109334000000000020756E6B6E6F776E2070617296
:10934400616D657465723A20000000006F6E000064
:109354006F6666004563686F207374617475733A51
:109364002025730A000000005B2533645D2025730B
:109374000A0000004C6F7374206C6F67733A2025E9
:10938400750A4D6178206C6F67207175657565206D
:109394007574696C697A6174696F6E3A20257525F4
:1093A40025205B25752F25755D0A00004E6F207200
:1093B4006573706F6E73652066726F6D2074686577
:1093C400207465726D696E616C2C20617373756DA8
:1093D40065642038307832342073637265656E209A
:1093E40073697A650A00000044697361626C6520E0
:1093F400636F6C6F7265642073796E7461782E008C
:10940400456E61626C6520636F6C6F726564207376
:10941400796E7461782E000044697361626C652012
:10942400434C49206563686F2E204172726F7773D5
:1094340020616E6420627574746F6E733A204261A9
:10944400636B73706163652C2044656C6574652C73
:1094540020456E642C20486F6D652C20496E736521
:10946400727420617265206E6F742068616E646C22
:1094740065642E00456E61626C6520434C4920652D
:1094840063686F2E0000000072657365740000004D
:10949400526573657420434C492073746174697315
:1094A4007469637320666F7220746865204C6F67FB
:1094B400676572206D6F64756C652E0073686F77D5
:1094C4000000000047657420434C492073746174A4
:1094D40069737469637320666F7220746865204CC5
:1094E4006F67676572206D6F64756C652E00000090
:1094F400636F6C6F72730000546F67676C652063F1
:109504006F6C6F7265642073796E7461782E0000DD
:109514006563686F00000000546F67676C652043E3
:109524004C49206563686F2E0000000073746174F9
:1095340073000000434C4920737461746973746947
:1095440063732E0064656661756C74004173737592
:109554006D652038302063686172732073637265AF
:10956400656E20776964746820616E642073656E2B
:109574006420746869732073657474696E672074F9
:109584006F20746865207465726D696E616C2E005D
:10959400636C656172000000436C656172207363E3
:1095A4007265656E2E000000636C69005573656614
:1095B400756C2C206E6F7420556E69782D6C696BF8
:1095C4006520434C4920636F6D6D616E64732E009A
:1095D400686973746F727900436F6D6D616E642096
:1095E400686973746F72792E000000007265736984
:1095F4007A650000436F6E736F6C652067657473E2
:10960400207465726D696E616C2073637265656E3A
:109614002073697A65206F7220617373756D657349
:1096240020383020696E206361736520746865207A
:10963400726561646F7574206661696C732E20496C
:1096440074206D7573742062652065786563757424
:109654006564206166746572206561636820746561
:10966400726D696E616C20776964746820636861E7
:109674006E676520746F20656E7375726520636F05
:109684007272656374207465787420646973706C95
:1096940061792E002020000054930000EC93000018
:1096A400000000009D71000050930000049400002D
:1096B40000000000DD710000000000000000000058
:1096C4000000000000000000000000009C96000064
:1096D400549300001C940000000000003D7300003F
:1096E40050930000789400000000000073730000A1
:1096F4000000000000000000000000000000000066
:1097040000000000D49600008C94000094940000A3
:109714000000000065750000C0940000C8940000BB
:1097240000000000DD7400000000000000000000E4
:109734000000000000000000000000000C97000082
:10974400F4940000FC940000CC9600001D7200000C
:10975400149500001C95000004970000B9720000E5
:1097640030950000389500003C97000079740000A3
:1097740000000000000000000000000000000000E5
:109784000000000044970000489500005095000038
:1097940000000000AD7500000000000000000000A3
:1097A4000000000000000000000000008C97000092
:1097B400949500009C950000000000005570000086
:1097C400AC950000B095000084970000257100005E
:1097D400D4950000DC95000000000000A97300008F
:1097E400F0950000F8950000AC9700002976000081
:1097F4001B5B366E00000000000000000338FDD83B
:10980400704700001B5B6D002D682C202D2D6865B2
:109814006C7000002C200000202D200002000000AD
:109824001B5B48001B5B324A000000001B5B3F339C
:109834006C000000433A5C55736572735C44696E56
:109844006F5C4465736B746F705C42696F44415123
:1098540020467573696F6E5C6E5246355F53444B98
:109864005F31372E312E305C65787465726E616CB1
:109874005C667072696E74665C6E72665F66707246
:10988400696E74662E630000433A5C5573657273A7
:109894005C44696E6F5C4465736B746F705C4269A1
:1098A4006F44415120467573696F6E5C6E52463544
:1098B4005F53444B5F31372E312E305C65787465CD
:1098C400726E616C5C667072696E74665C6E7266F0
:1098D4005F667072696E74665F666F726D61742E16
:1098E4006300000030313233343536373839414281
:1098F40043444546433A5C55736572735C44696EF0
:109904006F5C4465736B746F705C42696F44415162
:1099140020467573696F6E5C6E5246355F53444BD7
:109924005F31372E312E305C636F6D706F6E656EF4
:1099340074735C6C69627261726965735C6D656D88
:109944006F626A5C6E72665F6D656D6F626A2E63CC
:109954000000000042616420617267756D656E7479
:1099640020636F756E7400004F766572666C6F7756
:10997400000000004E6F206F766572666C6F770092
:1099840025730D0A092D20456C656D656E74207371
:10999400697A653A0925640D0A092D2055736167B2
:1099A400653A092575252520282575206F757420AD
:1099B4006F6620257520656C656D656E7473290D61
:1099C4000A092D204D6178696D756D3A0925752553
:1099D4002520282575206F7574206F662025752035
:1099E400656C656D656E7473290D0A092D204D6FC4
:1099F40064653A090925730D0A0D0A0073746174CC
:109A0400757300005072696E742073746174757399
:109A1400206F6620717565756520696E7374616E5B
:109A24006365732E000000007175657565000000A4
:109A3400436F6D6D616E647320666F722042414C9A
:109A44004C4F43206D616E6167656D656E740000F7
:109A5400433A5C55736572735C44696E6F5C44652C
:109A6400736B746F705C42696F4441512046757327
:109A7400696F6E5C6E5246355F53444B5F31372ECF
:109A8400312E305C636F6D706F6E656E74735C6CD9
:109A940069627261726965735C71756575655C6E26
:109AA40072665F71756575652E630000009A00002B
:109AB400089A000000000000A581000000000000DA
:109AC4000000000000000000000000000000000092
:109AD400B09A00002C9A0000349A0000D09A00003A
:109AE400A581000001000000433A5C557365727360
:109AF4005C44696E6F5C4465736B746F705C42693F
:109B04006F44415120467573696F6E5C6E524635E1
:109B14005F53444B5F31372E312E305C636F6D7071
:109B24006F6E656E74735C6C696272617269657381
:109B34005C6578706572696D656E74616C5F746183
:109B4400736B5F6D616E616765725C7461736B5F8B
:109B54006D616E616765722E630000003C4E554C6A
:109B64004C3E00005461736B2025753A0D0A0000C9
:109B7400094E616D653A09272573270D0A00000017
:109B840009537461636B3A093078253038582D30A5
:109B94007825303858207573656420696E202575E2
:109BA400252520282575206F7574206F662025755E
:109BB400206279746573290D0A00000009537461E9
:109BC400636B3A093078253038582D307825303891
:109BD400580D0A0052756E6E61626C6500000000DB
:109BE40053757370656E64656400000052756E6E23
:109BF400696E67000953746174653A0925730D0A27
:109C04000000000009466C6167733A09307825301A
:109C140038580D0A0D0A0000696E666F00000000D6
:109C24007461736B7320696E666F00007461736B8B
:109C34005F6D616E6167657200000000636F6D6D3A
:109C4400616E647320666F72207461736B206D6142
:109C54006E616765720000001C9C0000249C00007B
:109C64000000000039840000000000000000000033
:109C74000000000000000000000000005C9C0000E8
:109C8400309C0000409C00007C9C00000000000010
:109C9400A09C0000D09D0000A49C00004300000094
:109CA4006D8600008D86000099860000A586000060
:109CB400C5860000D18600003986000009860000B0
:109CC40053756E004D6F6E005475650057656400E2
:109CD400546875004672690053617400004A616EED
:109CE40000466562004D617200417072004D6179F9
:109CF400004A756E004A756C0041756700536570C3
:109D0400004F6374004E6F760044656300002E00BC
:109D14000053756E646179004D6F6E64617900540F
:109D2400756573646179005765646E657364617900
:109D3400005468757273646179004672696461796C
:109D440000536174757264617900004A616E7561D3
:109D54007279004665627275617279004D61726351
:109D64006800417072696C004D6179004A756E65D6
:109D7400004A756C7900417567757374005365709A
:109D840074656D626572004F63746F626572004E34
:109D94006F76656D62657200446563656D626572B8
:109DA4000000414D00504D0000256D2F25642F25E6
:109DB400790025483A254D3A25530025612025622E
:109DC400202565202554202559000000129D0000FF
:109DD400149D0000149D0000149D0000149D0000BB
:109DE400149D0000149D0000149D0000149D0000AB
:109DF400149D0000FFFFFFFFFFFFFFFFFFFFFFFFBA
:109E0400FFFF0000159D0000C49C00004F9D000052
:109E1400E19C0000A69D0000AD9D0000B69D0000E1
:109E2400BF9D0000202020202020202020682828FA
:109E3400282820202020202020202020202020200E
:109E44002020202048101010101010101010101096
:109E54001010101084848484848484848484101076
:109E64001010101010818181818181010101010193
:109E740001010101010101010101010101010110BF
:109E84001010101010828282828282020202020268
:109E94000202020202020202020202020202021090
:109EA4001010102000070320041702010857104067
:019EB400802D
:109EB8000090D003949C0000949C0000949C0000A7
:089EC800949C0000949C000032
>>>>>>> dev/ads1292
:0400000300000219DE
:00000001FF
